lat,lon,de,dn,du
54.0,-142.0,0.03318,-0.03116,0.0
54.25,-142.0,0.03327,-0.03085,0.0
54.5,-142.0,0.03335,-0.03053,0.0
54.75,-142.0,0.03342,-0.03021,0.0
55.0,-142.0,0.03348,-0.02989,0.0
55.25,-142.0,0.03363,-0.02957,0.0
55.5,-142.0,0.03379,-0.02922,0.0
55.75,-142.0,0.03394,-0.02887,0.0
56.0,-142.0,0.03413,-0.02846,0.0
56.25,-142.0,0.03421,-0.02822,0.0
56.5,-142.0,0.03435,-0.02791,0.0
56.75,-142.0,0.03451,-0.02758,0.0
57.0,-142.0,0.03484,-0.02711,0.0
57.25,-142.0,0.03446,-0.02711,0.0
57.5,-142.0,0.03427,-0.02698,0.0
57.75,-142.0,0.03411,-0.02679,0.0
58.0,-142.0,0.03422,-0.02643,0.0
58.25,-142.0,0.03314,-0.02675,0.0
58.5,-142.0,0.0322,-0.02701,0.0
58.75,-142.0,0.03113,-0.02771,0.0
59.0,-142.0,0.0295,-0.03237,0.0
59.25,-142.0,0.02889,-0.03277,0.0
59.5,-142.0,0.02862,-0.03249,0.0
59.75,-142.0,-0.01517,-0.01107,0.0
60.0,-142.0,-0.01508,-0.01133,0.0
60.25,-142.0,-0.01399,-0.0112,0.0
60.5,-142.0,-0.01287,-0.01104,0.0
60.75,-142.0,-0.01229,-0.01111,0.0
61.0,-142.0,-0.01215,-0.01125,0.0
61.25,-142.0,-0.01277,-0.01165,0.0
61.5,-142.0,-0.01359,-0.01204,0.0
61.75,-142.0,-0.01446,-0.01173,0.0
62.0,-142.0,-0.01655,-0.01021,0.0
62.25,-142.0,-0.01746,-0.00962,0.0
62.5,-142.0,-0.01804,-0.0093,0.0
62.75,-142.0,-0.01823,-0.00896,0.0
63.0,-142.0,-0.01846,-0.00879,0.0
63.25,-142.0,-0.01836,-0.0087,0.0
63.5,-142.0,-0.01818,-0.00865,0.0
63.75,-142.0,-0.02004,-0.01131,0.0
64.0,-142.0,-0.01985,-0.01133,0.0
54.0,-141.75,0.03317,-0.03105,0.0
54.25,-141.75,0.03323,-0.03074,0.0
54.5,-141.75,0.03331,-0.03043,0.0
54.75,-141.75,0.03338,-0.03011,0.0
55.0,-141.75,0.03347,-0.02979,0.0
55.25,-141.75,0.03361,-0.02946,0.0
55.5,-141.75,0.03375,-0.02912,0.0
55.75,-141.75,0.03391,-0.02877,0.0
56.0,-141.75,0.03407,-0.02841,0.0
56.25,-141.75,0.03417,-0.02815,0.0
56.5,-141.75,0.03428,-0.02784,0.0
56.75,-141.75,0.03443,-0.02754,0.0
57.0,-141.75,0.03456,-0.02721,0.0
57.25,-141.75,0.03433,-0.02711,0.0
57.5,-141.75,0.03411,-0.027,0.0
57.75,-141.75,0.03393,-0.02686,0.0
58.0,-141.75,0.03369,-0.02671,0.0
58.25,-141.75,0.03288,-0.02689,0.0
58.5,-141.75,0.03189,-0.02724,0.0
58.75,-141.75,0.03151,-0.0277,0.0
59.0,-141.75,0.02935,-0.03257,0.0
59.25,-141.75,0.02871,-0.03283,0.0
59.5,-141.75,0.02845,-0.03257,0.0
59.75,-141.75,0.02841,-0.03218,0.0
60.0,-141.75,-0.01456,-0.01154,0.0
60.25,-141.75,-0.01344,-0.01137,0.0
60.5,-141.75,-0.01235,-0.01121,0.0
60.75,-141.75,-0.01183,-0.01121,0.0
61.0,-141.75,-0.01189,-0.01137,0.0
61.25,-141.75,-0.01255,-0.01167,0.0
61.5,-141.75,-0.01363,-0.01204,0.0
61.75,-141.75,-0.01493,-0.01089,0.0
62.0,-141.75,-0.01675,-0.00965,0.0
62.25,-141.75,-0.01744,-0.00941,0.0
62.5,-141.75,-0.01795,-0.00918,0.0
62.75,-141.75,-0.01823,-0.00899,0.0
63.0,-141.75,-0.01845,-0.00889,0.0
63.25,-141.75,-0.01833,-0.00881,0.0
63.5,-141.75,-0.01815,-0.00876,0.0
63.75,-141.75,-0.01997,-0.01142,0.0
64.0,-141.75,-0.01978,-0.01143,0.0
54.0,-141.5,0.03314,-0.03093,0.0
54.25,-141.5,0.0332,-0.03064,0.0
54.5,-141.5,0.03328,-0.03033,0.0
54.75,-141.5,0.03337,-0.03,0.0
55.0,-141.5,0.03346,-0.02967,0.0
55.25,-141.5,0.03359,-0.02935,0.0
55.5,-141.5,0.03373,-0.02901,0.0
55.75,-141.5,0.03388,-0.02868,0.0
56.0,-141.5,0.03402,-0.02834,0.0
56.25,-141.5,0.03412,-0.02806,0.0
56.5,-141.5,0.03421,-0.02778,0.0
56.75,-141.5,0.03434,-0.02749,0.0
57.0,-141.5,0.03441,-0.02722,0.0
57.25,-141.5,0.03419,-0.02712,0.0
57.5,-141.5,0.03393,-0.02704,0.0
57.75,-141.5,0.03371,-0.02693,0.0
58.0,-141.5,0.03338,-0.02688,0.0
58.25,-141.5,0.0326,-0.02706,0.0
58.5,-141.5,0.03155,-0.02754,0.0
58.75,-141.5,0.02901,-0.03273,0.0
59.0,-141.5,0.02897,-0.03285,0.0
59.25,-141.5,0.02846,-0.03293,0.0
59.5,-141.5,0.02824,-0.03267,0.0
59.75,-141.5,0.02822,-0.03231,0.0
60.0,-141.5,-0.01419,-0.01182,0.0
60.25,-141.5,-0.01288,-0.0115,0.0
60.5,-141.5,-0.01184,-0.01135,0.0
60.75,-141.5,-0.0114,-0.01135,0.0
61.0,-141.5,-0.01156,-0.01147,0.0
61.25,-141.5,-0.01231,-0.01168,0.0
61.5,-141.5,-0.01389,-0.01176,0.0
61.75,-141.5,-0.01432,-0.00973,0.0
62.0,-141.5,-0.01666,-0.00941,0.0
62.25,-141.5,-0.01742,-0.0093,0.0
62.5,-141.5,-0.01787,-0.00914,0.0
62.75,-141.5,-0.01821,-0.00904,0.0
63.0,-141.5,-0.01842,-0.00897,0.0
63.25,-141.5,-0.0183,-0.00891,0.0
63.5,-141.5,-0.01812,-0.00885,0.0
63.75,-141.5,-0.0199,-0.01152,0.0
64.0,-141.5,-0.01971,-0.01153,0.0
54.0,-141.25,0.03309,-0.03084,0.0
54.25,-141.25,0.03316,-0.03053,0.0
54.5,-141.25,0.03324,-0.03022,0.0
54.75,-141.25,0.03333,-0.0299,0.0
55.0,-141.25,0.03342,-0.02957,0.0
55.25,-141.25,0.03355,-0.02925,0.0
55.5,-141.25,0.03369,-0.02893,0.0
55.75,-141.25,0.03384,-0.02858,0.0
56.0,-141.25,0.034,-0.02823,0.0
56.25,-141.25,0.03405,-0.02798,0.0
56.5,-141.25,0.03412,-0.02773,0.0
56.75,-141.25,0.03423,-0.02746,0.0
57.0,-141.25,0.03432,-0.0272,0.0
57.25,-141.25,0.03403,-0.02713,0.0
57.5,-141.25,0.03374,-0.02707,0.0
57.75,-141.25,0.03348,-0.02701,0.0
58.0,-141.25,0.03316,-0.027,0.0
58.25,-141.25,0.0323,-0.02724,0.0
58.5,-141.25,0.03117,-0.02791,0.0
58.75,-141.25,0.02949,-0.03239,0.0
59.0,-141.25,0.02852,-0.03313,0.0
59.25,-141.25,0.02818,-0.03305,0.0
59.5,-141.25,0.028,-0.03276,0.0
59.75,-141.25,0.02793,-0.03245,0.0
60.0,-141.25,-0.01381,-0.01198,0.0
60.25,-141.25,-0.01226,-0.01163,0.0
60.5,-141.25,-0.01124,-0.01144,0.0
60.75,-141.25,-0.0109,-0.01147,0.0
61.0,-141.25,-0.01115,-0.01152,0.0
61.25,-141.25,-0.01193,-0.01152,0.0
61.5,-141.25,-0.0145,-0.01132,0.0
61.75,-141.25,-0.01451,-0.00915,0.0
62.0,-141.25,-0.0166,-0.0093,0.0
62.25,-141.25,-0.01742,-0.00927,0.0
62.5,-141.25,-0.01788,-0.00916,0.0
62.75,-141.25,-0.01819,-0.00911,0.0
63.0,-141.25,-0.01841,-0.00908,0.0
63.25,-141.25,-0.01827,-0.00902,0.0
63.5,-141.25,-0.01809,-0.00895,0.0
63.75,-141.25,-0.01983,-0.01162,0.0
64.0,-141.25,-0.01964,-0.01164,0.0
54.0,-141.0,0.03301,-0.03074,0.0
54.25,-141.0,0.03312,-0.03042,0.0
54.5,-141.0,0.0332,-0.03012,0.0
54.75,-141.0,0.03329,-0.02979,0.0
55.0,-141.0,0.03338,-0.02946,0.0
55.25,-141.0,0.03352,-0.02914,0.0
55.5,-141.0,0.03365,-0.02882,0.0
55.75,-141.0,0.0338,-0.02849,0.0
56.0,-141.0,0.03401,-0.0281,0.0
56.25,-141.0,0.03398,-0.02792,0.0
56.5,-141.0,0.03404,-0.02768,0.0
56.75,-141.0,0.03411,-0.02743,0.0
57.0,-141.0,0.0344,-0.02709,0.0
57.25,-141.0,0.03385,-0.02715,0.0
57.5,-141.0,0.03353,-0.02712,0.0
57.75,-141.0,0.03323,-0.0271,0.0
58.0,-141.0,0.03313,-0.02708,0.0
58.25,-141.0,0.03195,-0.02744,0.0
58.5,-141.0,0.03089,-0.0283,0.0
58.75,-141.0,0.02919,-0.0328,0.0
59.0,-141.0,0.02784,-0.0335,0.0
59.25,-141.0,0.02786,-0.03316,0.0
59.5,-141.0,0.02772,-0.03283,0.0
59.75,-141.0,0.02756,-0.03256,0.0
60.0,-141.0,0.02894,-0.03163,0.0
60.25,-141.0,-0.01183,-0.01147,0.0
60.5,-141.0,-0.01065,-0.01149,0.0
60.75,-141.0,-0.01032,-0.01156,0.0
61.0,-141.0,-0.01058,-0.01144,0.0
61.25,-141.0,-0.01147,-0.01109,0.0
61.5,-141.0,-0.01325,-0.0097,0.0
61.75,-141.0,-0.01477,-0.00901,0.0
62.0,-141.0,-0.01673,-0.00925,0.0
62.25,-141.0,-0.01742,-0.00927,0.0
62.5,-141.0,-0.01788,-0.00922,0.0
62.75,-141.0,-0.01816,-0.00921,0.0
63.0,-141.0,-0.01849,-0.00919,0.0
63.25,-141.0,-0.01824,-0.00912,0.0
63.5,-141.0,-0.01807,-0.00906,0.0
63.75,-141.0,-0.01975,-0.01173,0.0
64.0,-141.0,-0.01957,-0.01174,0.0
54.0,-140.75,0.033,-0.03063,0.0
54.25,-140.75,0.03308,-0.03032,0.0
54.5,-140.75,0.03317,-0.03001,0.0
54.75,-140.75,0.03326,-0.02969,0.0
55.0,-140.75,0.03336,-0.02936,0.0
55.25,-140.75,0.03348,-0.02905,0.0
55.5,-140.75,0.0336,-0.02873,0.0
55.75,-140.75,0.03374,-0.0284,0.0
56.0,-140.75,0.03388,-0.02807,0.0
56.25,-140.75,0.0339,-0.02785,0.0
56.5,-140.75,0.03392,-0.02762,0.0
56.75,-140.75,0.03398,-0.0274,0.0
57.0,-140.75,0.03402,-0.02719,0.0
57.25,-140.75,0.03366,-0.02717,0.0
57.5,-140.75,0.03329,-0.02718,0.0
57.75,-140.75,0.03295,-0.02721,0.0
58.0,-140.75,0.03255,-0.0273,0.0
58.25,-140.75,0.03157,-0.0277,0.0
58.5,-140.75,0.03146,-0.02788,0.0
58.75,-140.75,0.02876,-0.03315,0.0
59.0,-140.75,0.02776,-0.03353,0.0
59.25,-140.75,0.02754,-0.03327,0.0
59.5,-140.75,0.02741,-0.03288,0.0
59.75,-140.75,0.02737,-0.03248,0.0
60.0,-140.75,0.02895,-0.03133,0.0
60.25,-140.75,-0.01136,-0.01118,0.0
60.5,-140.75,-0.01007,-0.01153,0.0
60.75,-140.75,-0.00971,-0.01163,0.0
61.0,-140.75,-0.0102,-0.01139,0.0
61.25,-140.75,-0.0115,-0.01044,0.0
61.5,-140.75,-0.01331,-0.00919,0.0
61.75,-140.75,-0.01488,-0.00904,0.0
62.0,-140.75,-0.01662,-0.00934,0.0
62.25,-140.75,-0.01735,-0.00928,0.0
62.5,-140.75,-0.01788,-0.0093,0.0
62.75,-140.75,-0.01812,-0.0093,0.0
63.0,-140.75,-0.01833,-0.00928,0.0
63.25,-140.75,-0.01821,-0.00922,0.0
63.5,-140.75,-0.01804,-0.00916,0.0
63.75,-140.75,-0.01969,-0.01183,0.0
64.0,-140.75,-0.0195,-0.01184,0.0
54.0,-140.5,0.03297,-0.03052,0.0
54.25,-140.5,0.03304,-0.03022,0.0
54.5,-140.5,0.03312,-0.02991,0.0
54.75,-140.5,0.03322,-0.02959,0.0
55.0,-140.5,0.03332,-0.02927,0.0
55.25,-140.5,0.03343,-0.02895,0.0
55.5,-140.5,0.03355,-0.02864,0.0
55.75,-140.5,0.03368,-0.02832,0.0
56.0,-140.5,0.0338,-0.028,0.0
56.25,-140.5,0.0338,-0.02778,0.0
56.5,-140.5,0.0338,-0.02758,0.0
56.75,-140.5,0.03382,-0.02738,0.0
57.0,-140.5,0.03378,-0.02722,0.0
57.25,-140.5,0.03344,-0.0272,0.0
57.5,-140.5,0.03304,-0.02723,0.0
57.75,-140.5,0.03265,-0.02731,0.0
58.0,-140.5,0.03214,-0.0275,0.0
58.25,-140.5,0.03113,-0.028,0.0
58.5,-140.5,0.02874,-0.03297,0.0
58.75,-140.5,0.0283,-0.03344,0.0
59.0,-140.5,0.02744,-0.03367,0.0
59.25,-140.5,0.02719,-0.03337,0.0
59.5,-140.5,0.02708,-0.0329,0.0
59.75,-140.5,0.02712,-0.03236,0.0
60.0,-140.5,0.02852,-0.03118,0.0
60.25,-140.5,0.03068,-0.02883,0.0
60.5,-140.5,-0.00908,-0.01177,0.0
60.75,-140.5,-0.00899,-0.01161,0.0
61.0,-140.5,-0.00982,-0.01106,0.0
61.25,-140.5,-0.01198,-0.00987,0.0
61.5,-140.5,-0.0134,-0.00907,0.0
61.75,-140.5,-0.01508,-0.00911,0.0
62.0,-140.5,-0.01654,-0.00931,0.0
62.25,-140.5,-0.01733,-0.00935,0.0
62.5,-140.5,-0.01782,-0.00939,0.0
62.75,-140.5,-0.01809,-0.0094,0.0
63.0,-140.5,-0.01828,-0.00939,0.0
63.25,-140.5,-0.01818,-0.00933,0.0
63.5,-140.5,-0.018,-0.00926,0.0
63.75,-140.5,-0.01962,-0.01194,0.0
64.0,-140.5,-0.01942,-0.01194,0.0
54.0,-140.25,0.03291,-0.03042,0.0
54.25,-140.25,0.03299,-0.03012,0.0
54.5,-140.25,0.03308,-0.02981,0.0
54.75,-140.25,0.03318,-0.02948,0.0
55.0,-140.25,0.03329,-0.02917,0.0
55.25,-140.25,0.03338,-0.02886,0.0
55.5,-140.25,0.03349,-0.02855,0.0
55.75,-140.25,0.03361,-0.02823,0.0
56.0,-140.25,0.03373,-0.02792,0.0
56.25,-140.25,0.0337,-0.02772,0.0
56.5,-140.25,0.03366,-0.02753,0.0
56.75,-140.25,0.03365,-0.02736,0.0
57.0,-140.25,0.03362,-0.02722,0.0
57.25,-140.25,0.0332,-0.02722,0.0
57.5,-140.25,0.03276,-0.02729,0.0
57.75,-140.25,0.03232,-0.02742,0.0
58.0,-140.25,0.03177,-0.02771,0.0
58.25,-140.25,0.03067,-0.02837,0.0
58.5,-140.25,0.02898,-0.0329,0.0
58.75,-140.25,0.02787,-0.03366,0.0
59.0,-140.25,0.02696,-0.0339,0.0
59.25,-140.25,0.02679,-0.03345,0.0
59.5,-140.25,0.02669,-0.03291,0.0
59.75,-140.25,0.02669,-0.03224,0.0
60.0,-140.25,0.02735,-0.03103,0.0
60.25,-140.25,0.02721,-0.02842,0.0
60.5,-140.25,-0.0068,-0.01214,0.0
60.75,-140.25,-0.00811,-0.01127,0.0
61.0,-140.25,-0.01001,-0.01039,0.0
61.25,-140.25,-0.01186,-0.0094,0.0
61.5,-140.25,-0.01353,-0.00907,0.0
61.75,-140.25,-0.01522,-0.00924,0.0
62.0,-140.25,-0.01667,-0.00941,0.0
62.25,-140.25,-0.01732,-0.00946,0.0
62.5,-140.25,-0.01776,-0.0095,0.0
62.75,-140.25,-0.01806,-0.00951,0.0
63.0,-140.25,-0.01829,-0.0095,0.0
63.25,-140.25,-0.01815,-0.00944,0.0
63.5,-140.25,-0.01797,-0.00935,0.0
63.75,-140.25,-0.01954,-0.01204,0.0
64.0,-140.25,-0.01935,-0.01203,0.0
54.0,-140.0,0.03282,-0.03034,0.0
54.25,-140.0,0.03294,-0.03002,0.0
54.5,-140.0,0.03303,-0.02971,0.0
54.75,-140.0,0.03314,-0.02938,0.0
55.0,-140.0,0.03325,-0.02906,0.0
55.25,-140.0,0.03333,-0.02876,0.0
55.5,-140.0,0.03343,-0.02846,0.0
55.75,-140.0,0.03354,-0.02815,0.0
56.0,-140.0,0.03373,-0.02781,0.0
56.25,-140.0,0.03358,-0.02766,0.0
56.5,-140.0,0.03352,-0.02749,0.0
56.75,-140.0,0.03347,-0.02734,0.0
57.0,-140.0,0.0336,-0.02718,0.0
57.25,-140.0,0.03294,-0.02724,0.0
57.5,-140.0,0.03246,-0.02734,0.0
57.75,-140.0,0.03196,-0.02752,0.0
58.0,-140.0,0.03148,-0.02802,0.0
58.25,-140.0,0.03044,-0.02867,0.0
58.5,-140.0,0.02854,-0.03326,0.0
58.75,-140.0,0.02741,-0.03382,0.0
59.0,-140.0,0.02618,-0.03432,0.0
59.25,-140.0,0.02636,-0.03352,0.0
59.5,-140.0,0.02617,-0.03293,0.0
59.75,-140.0,0.02617,-0.03221,0.0
60.0,-140.0,0.0257,-0.03055,0.0
60.25,-140.0,0.01191,-0.02144,0.0
60.5,-140.0,-0.00494,-0.01141,0.0
60.75,-140.0,-0.00825,-0.01068,0.0
61.0,-140.0,-0.01008,-0.00973,0.0
61.25,-140.0,-0.01178,-0.00919,0.0
61.5,-140.0,-0.01367,-0.00916,0.0
61.75,-140.0,-0.01547,-0.00947,0.0
62.0,-140.0,-0.01691,-0.00955,0.0
62.25,-140.0,-0.01732,-0.00959,0.0
62.5,-140.0,-0.01773,-0.00962,0.0
62.75,-140.0,-0.01805,-0.00963,0.0
63.0,-140.0,-0.01843,-0.00966,0.0
63.25,-140.0,-0.01812,-0.00955,0.0
63.5,-140.0,-0.01794,-0.00946,0.0
63.75,-140.0,-0.01946,-0.01215,0.0
64.0,-140.0,-0.01929,-0.01215,0.0
54.0,-139.75,0.03281,-0.03023,0.0
54.25,-139.75,0.03289,-0.02992,0.0
54.5,-139.75,0.03298,-0.02962,0.0
54.75,-139.75,0.03308,-0.02929,0.0
55.0,-139.75,0.03318,-0.02897,0.0
55.25,-139.75,0.03327,-0.02867,0.0
55.5,-139.75,0.03336,-0.02837,0.0
55.75,-139.75,0.03346,-0.02807,0.0
56.0,-139.75,0.03355,-0.02778,0.0
56.25,-139.75,0.03346,-0.0276,0.0
56.5,-139.75,0.03336,-0.02744,0.0
56.75,-139.75,0.03326,-0.02731,0.0
57.0,-139.75,0.03315,-0.02723,0.0
57.25,-139.75,0.03266,-0.02727,0.0
57.5,-139.75,0.03213,-0.02739,0.0
57.75,-139.75,0.03157,-0.02761,0.0
58.0,-139.75,0.03083,-0.02812,0.0
58.25,-139.75,0.03099,-0.02743,0.0
58.5,-139.75,0.028,-0.03353,0.0
58.75,-139.75,0.02696,-0.03392,0.0
59.0,-139.75,0.02611,-0.03407,0.0
59.25,-139.75,0.02585,-0.03358,0.0
59.5,-139.75,0.0253,-0.03308,0.0
59.75,-139.75,0.02509,-0.03271,0.0
60.0,-139.75,0.0237,-0.03039,0.0
60.25,-139.75,0.00402,-0.01385,0.0
60.5,-139.75,-0.00571,-0.01065,0.0
60.75,-139.75,-0.00877,-0.01003,0.0
61.0,-139.75,-0.01023,-0.00939,0.0
61.25,-139.75,-0.01181,-0.00915,0.0
61.5,-139.75,-0.0137,-0.00925,0.0
61.75,-139.75,-0.01562,-0.0096,0.0
62.0,-139.75,-0.01677,-0.00968,0.0
62.25,-139.75,-0.01731,-0.00972,0.0
62.5,-139.75,-0.0177,-0.00974,0.0
62.75,-139.75,-0.01801,-0.00975,0.0
63.0,-139.75,-0.01823,-0.00974,0.0
63.25,-139.75,-0.0181,-0.00966,0.0
63.5,-139.75,-0.01791,-0.00957,0.0
63.75,-139.75,-0.01938,-0.01224,0.0
64.0,-139.75,-0.0192,-0.01223,0.0
54.0,-139.5,0.03276,-0.03013,0.0
54.25,-139.5,0.03283,-0.02983,0.0
54.5,-139.5,0.03293,-0.02952,0.0
54.75,-139.5,0.03304,-0.02921,0.0
55.0,-139.5,0.03313,-0.02888,0.0
55.25,-139.5,0.03321,-0.02859,0.0
55.5,-139.5,0.03329,-0.02829,0.0
55.75,-139.5,0.03337,-0.02799,0.0
56.0,-139.5,0.03342,-0.02771,0.0
56.25,-139.5,0.03332,-0.02753,0.0
56.5,-139.5,0.03319,-0.02738,0.0
56.75,-139.5,0.03304,-0.02728,0.0
57.0,-139.5,0.03283,-0.02723,0.0
57.25,-139.5,0.03233,-0.02729,0.0
57.5,-139.5,0.03177,-0.02743,0.0
57.75,-139.5,0.03114,-0.02772,0.0
58.0,-139.5,0.03025,-0.02836,0.0
58.25,-139.5,0.02817,-0.03306,0.0
58.5,-139.5,0.02745,-0.03369,0.0
58.75,-139.5,0.02648,-0.03397,0.0
59.0,-139.5,0.0257,-0.03404,0.0
59.25,-139.5,0.02521,-0.03363,0.0
59.5,-139.5,0.02446,-0.03326,0.0
59.75,-139.5,0.02309,-0.03306,0.0
60.0,-139.5,0.01862,-0.0303,0.0
60.25,-139.5,-0.00334,-0.01225,0.0
60.5,-139.5,-0.0074,-0.01021,0.0
60.75,-139.5,-0.00905,-0.00953,0.0
61.0,-139.5,-0.0103,-0.00924,0.0
61.25,-139.5,-0.01192,-0.0092,0.0
61.5,-139.5,-0.01386,-0.00938,0.0
61.75,-139.5,-0.01569,-0.00972,0.0
62.0,-139.5,-0.01676,-0.00983,0.0
62.25,-139.5,-0.01732,-0.00986,0.0
62.5,-139.5,-0.01768,-0.00987,0.0
62.75,-139.5,-0.01798,-0.00987,0.0
63.0,-139.5,-0.01815,-0.00985,0.0
63.25,-139.5,-0.01805,-0.00976,0.0
63.5,-139.5,-0.01786,-0.00966,0.0
63.75,-139.5,-0.0193,-0.01235,0.0
64.0,-139.5,-0.01911,-0.01232,0.0
54.0,-139.25,0.0327,-0.03003,0.0
54.25,-139.25,0.03278,-0.02973,0.0
54.5,-139.25,0.03288,-0.02942,0.0
54.75,-139.25,0.03297,-0.02911,0.0
55.0,-139.25,0.03307,-0.02879,0.0
55.25,-139.25,0.03313,-0.02849,0.0
55.5,-139.25,0.03321,-0.02821,0.0
55.75,-139.25,0.03327,-0.02792,0.0
56.0,-139.25,0.03332,-0.02764,0.0
56.25,-139.25,0.03317,-0.02747,0.0
56.5,-139.25,0.03299,-0.02732,0.0
56.75,-139.25,0.03281,-0.02723,0.0
57.0,-139.25,0.03256,-0.02722,0.0
57.25,-139.25,0.032,-0.0273,0.0
57.5,-139.25,0.03138,-0.02749,0.0
57.75,-139.25,0.03068,-0.02783,0.0
58.0,-139.25,0.02968,-0.02871,0.0
58.25,-139.25,0.02798,-0.03315,0.0
58.5,-139.25,0.02688,-0.03377,0.0
58.75,-139.25,0.02596,-0.03398,0.0
59.0,-139.25,0.02504,-0.03412,0.0
59.25,-139.25,0.02435,-0.03369,0.0
59.5,-139.25,0.02306,-0.03382,0.0
59.75,-139.25,0.01975,-0.03313,0.0
60.0,-139.25,0.00189,-0.02055,0.0
60.25,-139.25,-0.00614,-0.01131,0.0
60.5,-139.25,-0.00829,-0.00988,0.0
60.75,-139.25,-0.0093,-0.0094,0.0
61.0,-139.25,-0.01033,-0.0092,0.0
61.25,-139.25,-0.01212,-0.00932,0.0
61.5,-139.25,-0.01412,-0.00949,0.0
61.75,-139.25,-0.01577,-0.00984,0.0
62.0,-139.25,-0.01685,-0.01,0.0
62.25,-139.25,-0.01732,-0.01,0.0
62.5,-139.25,-0.01766,-0.00999,0.0
62.75,-139.25,-0.01794,-0.00998,0.0
63.0,-139.25,-0.01817,-0.00997,0.0
63.25,-139.25,-0.01802,-0.00987,0.0
63.5,-139.25,-0.01782,-0.00976,0.0
63.75,-139.25,-0.01921,-0.01244,0.0
64.0,-139.25,-0.01902,-0.01241,0.0
54.0,-139.0,0.03259,-0.02994,0.0
54.25,-139.0,0.03271,-0.02964,0.0
54.5,-139.0,0.0328,-0.02933,0.0
54.75,-139.0,0.03291,-0.02901,0.0
55.0,-139.0,0.03303,-0.02868,0.0
55.25,-139.0,0.03306,-0.02841,0.0
55.5,-139.0,0.03312,-0.02812,0.0
55.75,-139.0,0.03317,-0.02783,0.0
56.0,-139.0,0.0333,-0.02752,0.0
56.25,-139.0,0.03302,-0.02739,0.0
56.5,-139.0,0.0328,-0.02726,0.0
56.75,-139.0,0.03257,-0.02717,0.0
57.0,-139.0,0.0324,-0.02719,0.0
57.25,-139.0,0.03161,-0.0273,0.0
57.5,-139.0,0.03093,-0.02755,0.0
57.75,-139.0,0.03015,-0.02796,0.0
58.0,-139.0,0.02952,-0.02901,0.0
58.25,-139.0,0.02731,-0.03337,0.0
58.5,-139.0,0.02626,-0.03377,0.0
58.75,-139.0,0.02535,-0.03392,0.0
59.0,-139.0,0.02392,-0.0345,0.0
59.25,-139.0,0.02298,-0.03384,0.0
59.5,-139.0,0.02171,-0.03393,0.0
59.75,-139.0,-0.01942,-0.0078,0.0
60.0,-139.0,-0.00406,-0.01366,0.0
60.25,-139.0,-0.00751,-0.01067,0.0
60.5,-139.0,-0.00871,-0.00978,0.0
60.75,-139.0,-0.00952,-0.0094,0.0
61.0,-139.0,-0.01022,-0.00917,0.0
61.25,-139.0,-0.01235,-0.00938,0.0
61.5,-139.0,-0.01441,-0.00971,0.0
61.75,-139.0,-0.01585,-0.00999,0.0
62.0,-139.0,-0.0171,-0.01019,0.0
62.25,-139.0,-0.0173,-0.01014,0.0
62.5,-139.0,-0.01764,-0.01012,0.0
62.75,-139.0,-0.01792,-0.01011,0.0
63.0,-139.0,-0.0183,-0.01013,0.0
63.25,-139.0,-0.01797,-0.00998,0.0
63.5,-139.0,-0.01777,-0.00986,0.0
63.75,-139.0,-0.01912,-0.01254,0.0
64.0,-139.0,-0.01894,-0.01251,0.0
54.0,-138.75,0.03258,-0.02984,0.0
54.25,-138.75,0.03265,-0.02954,0.0
54.5,-138.75,0.03274,-0.02924,0.0
54.75,-138.75,0.03284,-0.02892,0.0
55.0,-138.75,0.03294,-0.02862,0.0
55.25,-138.75,0.03299,-0.02832,0.0
55.5,-138.75,0.03302,-0.02804,0.0
55.75,-138.75,0.03305,-0.02775,0.0
56.0,-138.75,0.03306,-0.02748,0.0
56.25,-138.75,0.03285,-0.02731,0.0
56.5,-138.75,0.03261,-0.02718,0.0
56.75,-138.75,0.03231,-0.0271,0.0
57.0,-138.75,0.03192,-0.02712,0.0
57.25,-138.75,0.0312,-0.02727,0.0
57.5,-138.75,0.03039,-0.02764,0.0
57.75,-138.75,0.02955,-0.02812,0.0
58.0,-138.75,0.02634,-0.03421,0.0
58.25,-138.75,0.02653,-0.03344,0.0
58.5,-138.75,0.02557,-0.03371,0.0
58.75,-138.75,0.02461,-0.03377,0.0
59.0,-138.75,0.02314,-0.03392,0.0
59.25,-138.75,0.02115,-0.03385,0.0
59.5,-138.75,-0.01989,-0.0069,0.0
59.75,-138.75,0.00025,-0.02191,0.0
60.0,-138.75,-0.00586,-0.0117,0.0
60.25,-138.75,-0.00799,-0.01034,0.0
60.5,-138.75,-0.00896,-0.00977,0.0
60.75,-138.75,-0.00972,-0.00944,0.0
61.0,-138.75,-0.01061,-0.00932,0.0
61.25,-138.75,-0.01315,-0.00982,0.0
61.5,-138.75,-0.01467,-0.00993,0.0
61.75,-138.75,-0.01591,-0.01016,0.0
62.0,-138.75,-0.01689,-0.01029,0.0
62.25,-138.75,-0.01731,-0.01028,0.0
62.5,-138.75,-0.01761,-0.01026,0.0
62.75,-138.75,-0.01787,-0.01023,0.0
63.0,-138.75,-0.01808,-0.01019,0.0
63.25,-138.75,-0.01792,-0.01008,0.0
63.5,-138.75,-0.01772,-0.00996,0.0
63.75,-138.75,-0.01903,-0.01264,0.0
64.0,-138.75,-0.01885,-0.0126,0.0
54.0,-138.5,0.03252,-0.02975,0.0
54.25,-138.5,0.03257,-0.02945,0.0
54.5,-138.5,0.03267,-0.02915,0.0
54.75,-138.5,0.03276,-0.02883,0.0
55.0,-138.5,0.03284,-0.02853,0.0
55.25,-138.5,0.03289,-0.02824,0.0
55.5,-138.5,0.03291,-0.02796,0.0
55.75,-138.5,0.03293,-0.02767,0.0
56.0,-138.5,0.0329,-0.02741,0.0
56.25,-138.5,0.03268,-0.02723,0.0
56.5,-138.5,0.03239,-0.02709,0.0
56.75,-138.5,0.03204,-0.02702,0.0
57.0,-138.5,0.03155,-0.02703,0.0
57.25,-138.5,0.03073,-0.02721,0.0
57.5,-138.5,0.02973,-0.02773,0.0
57.75,-138.5,0.02882,-0.02839,0.0
58.0,-138.5,0.02661,-0.0325,0.0
58.25,-138.5,0.02566,-0.03338,0.0
58.5,-138.5,0.02477,-0.0336,0.0
58.75,-138.5,0.02362,-0.0335,0.0
59.0,-138.5,0.02137,-0.03357,0.0
59.25,-138.5,0.01732,-0.0328,0.0
59.5,-138.5,0.00624,-0.02046,0.0
59.75,-138.5,-0.00454,-0.01468,0.0
60.0,-138.5,-0.00688,-0.01094,0.0
60.25,-138.5,-0.00825,-0.01017,0.0
60.5,-138.5,-0.00917,-0.0098,0.0
60.75,-138.5,-0.00993,-0.00955,0.0
61.0,-138.5,-0.01079,-0.00938,0.0
61.25,-138.5,-0.01343,-0.00991,0.0
61.5,-138.5,-0.01485,-0.01014,0.0
61.75,-138.5,-0.01596,-0.01032,0.0
62.0,-138.5,-0.01686,-0.01044,0.0
62.25,-138.5,-0.0173,-0.01042,0.0
62.5,-138.5,-0.01759,-0.01038,0.0
62.75,-138.5,-0.01783,-0.01034,0.0
63.0,-138.5,-0.01799,-0.0103,0.0
63.25,-138.5,-0.01787,-0.01018,0.0
63.5,-138.5,-0.01767,-0.01005,0.0
63.75,-138.5,-0.01894,-0.01273,0.0
64.0,-138.5,-0.01876,-0.01268,0.0
54.0,-138.25,0.03243,-0.02966,0.0
54.25,-138.25,0.03249,-0.02937,0.0
54.5,-138.25,0.03259,-0.02905,0.0
54.75,-138.25,0.03268,-0.02875,0.0
55.0,-138.25,0.03277,-0.02843,0.0
55.25,-138.25,0.03279,-0.02816,0.0
55.5,-138.25,0.0328,-0.02787,0.0
55.75,-138.25,0.03279,-0.02759,0.0
56.0,-138.25,0.03276,-0.02733,0.0
56.25,-138.25,0.0325,-0.02715,0.0
56.5,-138.25,0.03217,-0.027,0.0
56.75,-138.25,0.03177,-0.0269,0.0
57.0,-138.25,0.03121,-0.02691,0.0
57.25,-138.25,0.03026,-0.02709,0.0
57.5,-138.25,0.0289,-0.02775,0.0
57.75,-138.25,0.02786,-0.02886,0.0
58.0,-138.25,0.02535,-0.032,0.0
58.25,-138.25,0.02464,-0.03327,0.0
58.5,-138.25,0.02374,-0.03344,0.0
58.75,-138.25,0.02218,-0.03309,0.0
59.0,-138.25,0.01795,-0.03277,0.0
59.25,-138.25,0.00794,-0.02237,0.0
59.5,-138.25,-0.0028,-0.01529,0.0
59.75,-138.25,-0.00648,-0.01253,0.0
60.0,-138.25,-0.00731,-0.01054,0.0
60.25,-138.25,-0.00845,-0.01008,0.0
60.5,-138.25,-0.00939,-0.00987,0.0
60.75,-138.25,-0.01021,-0.00971,0.0
61.0,-138.25,-0.01225,-0.01004,0.0
61.25,-138.25,-0.0137,-0.01012,0.0
61.5,-138.25,-0.01496,-0.01032,0.0
61.75,-138.25,-0.01601,-0.01048,0.0
62.0,-138.25,-0.01693,-0.0106,0.0
62.25,-138.25,-0.01729,-0.01056,0.0
62.5,-138.25,-0.01756,-0.0105,0.0
62.75,-138.25,-0.01779,-0.01045,0.0
63.0,-138.25,-0.01798,-0.0104,0.0
63.25,-138.25,-0.01782,-0.01028,0.0
63.5,-138.25,-0.01761,-0.01015,0.0
63.75,-138.25,-0.01885,-0.01282,0.0
64.0,-138.25,-0.01866,-0.01277,0.0
54.0,-138.0,0.03232,-0.02956,0.0
54.25,-138.0,0.03242,-0.02927,0.0
54.5,-138.0,0.03251,-0.02897,0.0
54.75,-138.0,0.0326,-0.02865,0.0
55.0,-138.0,0.03271,-0.02833,0.0
55.25,-138.0,0.03268,-0.02808,0.0
55.5,-138.0,0.03267,-0.0278,0.0
55.75,-138.0,0.03265,-0.02751,0.0
56.0,-138.0,0.03269,-0.0272,0.0
56.25,-138.0,0.03231,-0.02705,0.0
56.5,-138.0,0.03194,-0.0269,0.0
56.75,-138.0,0.03149,-0.02679,0.0
57.0,-138.0,0.03094,-0.02678,0.0
57.25,-138.0,0.02981,-0.02688,0.0
57.5,-138.0,0.02806,-0.02756,0.0
57.75,-138.0,0.02605,-0.02872,0.0
58.0,-138.0,0.02304,-0.03227,0.0
58.25,-138.0,0.02349,-0.03317,0.0
58.5,-138.0,0.02223,-0.03329,0.0
58.75,-138.0,0.01952,-0.03233,0.0
59.0,-138.0,0.01116,-0.02748,0.0
59.25,-138.0,-0.00232,-0.0162,0.0
59.5,-138.0,-0.00619,-0.01323,0.0
59.75,-138.0,-0.00733,-0.01162,0.0
60.0,-138.0,-0.00707,-0.01007,0.0
60.25,-138.0,-0.00866,-0.01004,0.0
60.5,-138.0,-0.00968,-0.00999,0.0
60.75,-138.0,-0.01089,-0.00996,0.0
61.0,-138.0,-0.01253,-0.01012,0.0
61.25,-138.0,-0.0139,-0.01031,0.0
61.5,-138.0,-0.01503,-0.01048,0.0
61.75,-138.0,-0.01605,-0.01062,0.0
62.0,-138.0,-0.01722,-0.01085,0.0
62.25,-138.0,-0.01729,-0.0107,0.0
62.5,-138.0,-0.01753,-0.01063,0.0
62.75,-138.0,-0.01775,-0.01057,0.0
63.0,-138.0,-0.01808,-0.01056,0.0
63.25,-138.0,-0.01776,-0.01038,0.0
63.5,-138.0,-0.01755,-0.01023,0.0
63.75,-138.0,-0.01875,-0.0129,0.0
64.0,-138.0,-0.01855,-0.01285,0.0
54.0,-137.75,0.03226,-0.02947,0.0
54.25,-137.75,0.03234,-0.02918,0.0
54.5,-137.75,0.03241,-0.02887,0.0
54.75,-137.75,0.03249,-0.02857,0.0
55.0,-137.75,0.03256,-0.02827,0.0
55.25,-137.75,0.03255,-0.02799,0.0
55.5,-137.75,0.03252,-0.02771,0.0
55.75,-137.75,0.03249,-0.02744,0.0
56.0,-137.75,0.0324,-0.02716,0.0
56.25,-137.75,0.03209,-0.02696,0.0
56.5,-137.75,0.0317,-0.0268,0.0
56.75,-137.75,0.03122,-0.02664,0.0
57.0,-137.75,0.03055,-0.02655,0.0
57.25,-137.75,0.02943,-0.02659,0.0
57.5,-137.75,0.02739,-0.02716,0.0
57.75,-137.75,0.02651,-0.02742,0.0
58.0,-137.75,0.02216,-0.03245,0.0
58.25,-137.75,0.02218,-0.03304,0.0
58.5,-137.75,0.01972,-0.0331,0.0
58.75,-137.75,0.01364,-0.02914,0.0
59.0,-137.75,-0.00129,-0.01849,0.0
59.25,-137.75,-0.00661,-0.01404,0.0
59.5,-137.75,-0.00761,-0.01233,0.0
59.75,-137.75,-0.00779,-0.01115,0.0
60.0,-137.75,-0.00794,-0.01026,0.0
60.25,-137.75,-0.00888,-0.01006,0.0
60.5,-137.75,-0.01014,-0.01014,0.0
60.75,-137.75,-0.01154,-0.00991,0.0
61.0,-137.75,-0.01283,-0.0103,0.0
61.25,-137.75,-0.01403,-0.01049,0.0
61.5,-137.75,-0.0151,-0.01063,0.0
61.75,-137.75,-0.0161,-0.01077,0.0
62.0,-137.75,-0.01697,-0.0109,0.0
62.25,-137.75,-0.01726,-0.01082,0.0
62.5,-137.75,-0.0175,-0.01074,0.0
62.75,-137.75,-0.0177,-0.01068,0.0
63.0,-137.75,-0.01785,-0.01061,0.0
63.25,-137.75,-0.0177,-0.01046,0.0
63.5,-137.75,-0.01749,-0.01032,0.0
63.75,-137.75,-0.01864,-0.01299,0.0
64.0,-137.75,-0.01846,-0.01294,0.0
54.0,-137.5,0.03218,-0.02938,0.0
54.25,-137.5,0.03223,-0.02909,0.0
54.5,-137.5,0.03231,-0.0288,0.0
54.75,-137.5,0.03238,-0.02849,0.0
55.0,-137.5,0.03244,-0.02819,0.0
55.25,-137.5,0.03241,-0.02792,0.0
55.5,-137.5,0.03236,-0.02764,0.0
55.75,-137.5,0.0323,-0.02736,0.0
56.0,-137.5,0.03216,-0.02709,0.0
56.25,-137.5,0.03184,-0.02687,0.0
56.5,-137.5,0.03141,-0.02668,0.0
56.75,-137.5,0.03089,-0.02649,0.0
57.0,-137.5,0.03019,-0.02633,0.0
57.25,-137.5,0.02909,-0.02627,0.0
57.5,-137.5,0.027,-0.02662,0.0
57.75,-137.5,0.02823,-0.02523,0.0
58.0,-137.5,0.02171,-0.03252,0.0
58.25,-137.5,0.02024,-0.03284,0.0
58.5,-137.5,0.00992,-0.03994,0.0
58.75,-137.5,0.00152,-0.02108,0.0
59.0,-137.5,-0.00666,-0.01514,0.0
59.25,-137.5,-0.00838,-0.0131,0.0
59.5,-137.5,-0.00839,-0.01181,0.0
59.75,-137.5,-0.0082,-0.0109,0.0
60.0,-137.5,-0.00833,-0.01029,0.0
60.25,-137.5,-0.00917,-0.01015,0.0
60.5,-137.5,-0.01057,-0.01,0.0
60.75,-137.5,-0.01195,-0.01019,0.0
61.0,-137.5,-0.01305,-0.01047,0.0
61.25,-137.5,-0.01415,-0.01064,0.0
61.5,-137.5,-0.01518,-0.01078,0.0
61.75,-137.5,-0.01612,-0.01091,0.0
62.0,-137.5,-0.01689,-0.011,0.0
62.25,-137.5,-0.01726,-0.01095,0.0
62.5,-137.5,-0.01746,-0.01086,0.0
62.75,-137.5,-0.01764,-0.01078,0.0
63.0,-137.5,-0.01776,-0.0107,0.0
63.25,-137.5,-0.01763,-0.01055,0.0
63.5,-137.5,-0.01744,-0.0104,0.0
63.75,-137.5,-0.01854,-0.01307,0.0
64.0,-137.5,-0.01835,-0.01301,0.0
54.0,-137.25,0.03208,-0.02929,0.0
54.25,-137.25,0.03213,-0.029,0.0
54.5,-137.25,0.03219,-0.02871,0.0
54.75,-137.25,0.03225,-0.02841,0.0
55.0,-137.25,0.03231,-0.02811,0.0
55.25,-137.25,0.03225,-0.02784,0.0
55.5,-137.25,0.03218,-0.02758,0.0
55.75,-137.25,0.03208,-0.02729,0.0
56.0,-137.25,0.03194,-0.027,0.0
56.25,-137.25,0.03155,-0.02677,0.0
56.5,-137.25,0.03108,-0.02655,0.0
56.75,-137.25,0.03051,-0.02633,0.0
57.0,-137.25,0.02979,-0.0261,0.0
57.25,-137.25,0.02873,-0.02592,0.0
57.5,-137.25,0.02681,-0.02605,0.0
57.75,-137.25,0.02217,-0.03281,0.0
58.0,-137.25,0.02111,-0.03246,0.0
58.25,-137.25,0.01541,-0.03402,0.0
58.5,-137.25,0.00429,-0.0273,0.0
58.75,-137.25,-0.00598,-0.01636,0.0
59.0,-137.25,-0.00882,-0.01376,0.0
59.25,-137.25,-0.00925,-0.01245,0.0
59.5,-137.25,-0.00886,-0.01146,0.0
59.75,-137.25,-0.0085,-0.01074,0.0
60.0,-137.25,-0.00856,-0.0103,0.0
60.25,-137.25,-0.00961,-0.01015,0.0
60.5,-137.25,-0.01099,-0.01009,0.0
60.75,-137.25,-0.0122,-0.01039,0.0
61.0,-137.25,-0.01321,-0.01065,0.0
61.25,-137.25,-0.01427,-0.0108,0.0
61.5,-137.25,-0.01523,-0.01092,0.0
61.75,-137.25,-0.01615,-0.01105,0.0
62.0,-137.25,-0.01696,-0.01116,0.0
62.25,-137.25,-0.01723,-0.01108,0.0
62.5,-137.25,-0.01742,-0.01097,0.0
62.75,-137.25,-0.0176,-0.01088,0.0
63.0,-137.25,-0.01772,-0.0108,0.0
63.25,-137.25,-0.01756,-0.01064,0.0
63.5,-137.25,-0.01737,-0.01048,0.0
63.75,-137.25,-0.01844,-0.01316,0.0
64.0,-137.25,-0.01825,-0.01309,0.0
54.0,-137.0,0.03194,-0.02919,0.0
54.25,-137.0,0.03201,-0.02892,0.0
54.5,-137.0,0.03206,-0.02863,0.0
54.75,-137.0,0.03211,-0.02832,0.0
55.0,-137.0,0.03219,-0.02802,0.0
55.25,-137.0,0.03206,-0.02778,0.0
55.5,-137.0,0.03195,-0.02751,0.0
55.75,-137.0,0.03182,-0.02722,0.0
56.0,-137.0,0.03173,-0.02687,0.0
56.25,-137.0,0.03119,-0.02668,0.0
56.5,-137.0,0.03064,-0.02643,0.0
56.75,-137.0,0.03001,-0.02615,0.0
57.0,-137.0,0.02921,-0.02584,0.0
57.25,-137.0,0.02818,-0.02555,0.0
57.5,-137.0,0.02647,-0.02556,0.0
57.75,-137.0,0.02388,-0.03053,0.0
58.0,-137.0,0.01846,-0.03263,0.0
58.25,-137.0,0.007,-0.03168,0.0
58.5,-137.0,-0.00634,-0.01857,0.0
58.75,-137.0,-0.00967,-0.01478,0.0
59.0,-137.0,-0.00999,-0.01301,0.0
59.25,-137.0,-0.00976,-0.01193,0.0
59.5,-137.0,-0.00911,-0.01116,0.0
59.75,-137.0,-0.00872,-0.01062,0.0
60.0,-137.0,-0.00882,-0.01028,0.0
60.25,-137.0,-0.01008,-0.00999,0.0
60.5,-137.0,-0.01131,-0.01026,0.0
60.75,-137.0,-0.01239,-0.01055,0.0
61.0,-137.0,-0.01339,-0.01086,0.0
61.25,-137.0,-0.01437,-0.01094,0.0
61.5,-137.0,-0.0153,-0.01105,0.0
61.75,-137.0,-0.01618,-0.01118,0.0
62.0,-137.0,-0.01721,-0.01141,0.0
62.25,-137.0,-0.01721,-0.01119,0.0
62.5,-137.0,-0.01738,-0.01107,0.0
62.75,-137.0,-0.01753,-0.01098,0.0
63.0,-137.0,-0.01778,-0.01093,0.0
63.25,-137.0,-0.01749,-0.01072,0.0
63.5,-137.0,-0.0173,-0.01057,0.0
63.75,-137.0,-0.01832,-0.01325,0.0
64.0,-137.0,-0.01813,-0.01317,0.0
54.0,-136.75,0.03185,-0.02911,0.0
54.25,-136.75,0.03188,-0.02883,0.0
54.5,-136.75,0.03191,-0.02854,0.0
54.75,-136.75,0.03194,-0.02826,0.0
55.0,-136.75,0.03195,-0.02796,0.0
55.25,-136.75,0.03182,-0.02771,0.0
55.5,-136.75,0.03168,-0.02744,0.0
55.75,-136.75,0.03149,-0.02716,0.0
56.0,-136.75,0.03124,-0.02685,0.0
56.25,-136.75,0.0307,-0.02658,0.0
56.5,-136.75,0.03005,-0.02628,0.0
56.75,-136.75,0.02925,-0.02595,0.0
57.0,-136.75,0.02829,-0.02554,0.0
57.25,-136.75,0.02711,-0.02509,0.0
57.5,-136.75,0.02528,-0.02485,0.0
57.75,-136.75,0.02142,-0.02961,0.0
58.0,-136.75,0.00419,-0.03794,0.0
58.25,-136.75,-0.00655,-0.0189,0.0
58.5,-136.75,-0.01113,-0.01593,0.0
58.75,-136.75,-0.01156,-0.01396,0.0
59.0,-136.75,-0.01088,-0.01229,0.0
59.25,-136.75,-0.0101,-0.0115,0.0
59.5,-136.75,-0.00925,-0.01089,0.0
59.75,-136.75,-0.00896,-0.0105,0.0
60.0,-136.75,-0.00935,-0.01006,0.0
60.25,-136.75,-0.01058,-0.01017,0.0
60.5,-136.75,-0.01161,-0.01041,0.0
60.75,-136.75,-0.0126,-0.0107,0.0
61.0,-136.75,-0.01355,-0.01096,0.0
61.25,-136.75,-0.01448,-0.01107,0.0
61.5,-136.75,-0.01536,-0.01118,0.0
61.75,-136.75,-0.01619,-0.0113,0.0
62.0,-136.75,-0.01694,-0.01141,0.0
62.25,-136.75,-0.01718,-0.01129,0.0
62.5,-136.75,-0.01733,-0.01118,0.0
62.75,-136.75,-0.01747,-0.01106,0.0
63.0,-136.75,-0.01758,-0.01098,0.0
63.25,-136.75,-0.01742,-0.0108,0.0
63.5,-136.75,-0.01722,-0.01064,0.0
63.75,-136.75,-0.01822,-0.01332,0.0
64.0,-136.75,-0.01804,-0.01324,0.0
54.0,-136.5,0.03172,-0.02903,0.0
54.25,-136.5,0.03173,-0.02875,0.0
54.5,-136.5,0.03174,-0.02846,0.0
54.75,-136.5,0.03174,-0.02819,0.0
55.0,-136.5,0.03171,-0.02789,0.0
55.25,-136.5,0.03155,-0.02765,0.0
55.5,-136.5,0.03133,-0.02739,0.0
55.75,-136.5,0.03106,-0.0271,0.0
56.0,-136.5,0.03067,-0.02678,0.0
56.25,-136.5,0.02999,-0.02646,0.0
56.5,-136.5,0.02908,-0.02608,0.0
56.75,-136.5,0.02791,-0.02567,0.0
57.0,-136.5,0.02646,-0.02505,0.0
57.25,-136.5,0.02449,-0.02428,0.0
57.5,-136.5,0.02174,-0.02338,0.0
57.75,-136.5,0.00927,-0.03175,0.0
58.0,-136.5,-0.00724,-0.01839,0.0
58.25,-136.5,-0.01177,-0.01557,0.0
58.5,-136.5,-0.01286,-0.01455,0.0
58.75,-136.5,-0.01258,-0.01332,0.0
59.0,-136.5,-0.01142,-0.01173,0.0
59.25,-136.5,-0.01039,-0.01111,0.0
59.5,-136.5,-0.00929,-0.01064,0.0
59.75,-136.5,-0.00943,-0.01029,0.0
60.0,-136.5,-0.01003,-0.01013,0.0
60.25,-136.5,-0.01094,-0.01032,0.0
60.5,-136.5,-0.01187,-0.01056,0.0
60.75,-136.5,-0.0128,-0.01083,0.0
61.0,-136.5,-0.01371,-0.01108,0.0
61.25,-136.5,-0.01459,-0.01121,0.0
61.5,-136.5,-0.01542,-0.01131,0.0
61.75,-136.5,-0.01621,-0.01142,0.0
62.0,-136.5,-0.01688,-0.0115,0.0
62.25,-136.5,-0.01714,-0.0114,0.0
62.5,-136.5,-0.01728,-0.01127,0.0
62.75,-136.5,-0.0174,-0.01116,0.0
63.0,-136.5,-0.01747,-0.01104,0.0
63.25,-136.5,-0.01734,-0.01088,0.0
63.5,-136.5,-0.01715,-0.01071,0.0
63.75,-136.5,-0.01811,-0.01339,0.0
64.0,-136.5,-0.01794,-0.01332,0.0
54.0,-136.25,0.03156,-0.02894,0.0
54.25,-136.25,0.03155,-0.02866,0.0
54.5,-136.25,0.03154,-0.02838,0.0
54.75,-136.25,0.03151,-0.0281,0.0
55.0,-136.25,0.03144,-0.02782,0.0
55.25,-136.25,0.0312,-0.02758,0.0
55.5,-136.25,0.03087,-0.02734,0.0
55.75,-136.25,0.03045,-0.02705,0.0
56.0,-136.25,0.02985,-0.02671,0.0
56.25,-136.25,0.0288,-0.02628,0.0
56.5,-136.25,0.02724,-0.02574,0.0
56.75,-136.25,0.02491,-0.02507,0.0
57.0,-136.25,0.02129,-0.02376,0.0
57.25,-136.25,0.01567,-0.02182,0.0
57.5,-136.25,0.00773,-0.01933,0.0
57.75,-136.25,-0.0062,-0.01722,0.0
58.0,-136.25,-0.01161,-0.01499,0.0
58.25,-136.25,-0.01329,-0.01436,0.0
58.5,-136.25,-0.01359,-0.0137,0.0
58.75,-136.25,-0.01304,-0.01273,0.0
59.0,-136.25,-0.01174,-0.01122,0.0
59.25,-136.25,-0.01063,-0.01078,0.0
59.5,-136.25,-0.00969,-0.01043,0.0
59.75,-136.25,-0.01013,-0.01016,0.0
60.0,-136.25,-0.01038,-0.01021,0.0
60.25,-136.25,-0.01123,-0.01042,0.0
60.5,-136.25,-0.01211,-0.01068,0.0
60.75,-136.25,-0.013,-0.01098,0.0
61.0,-136.25,-0.01388,-0.01125,0.0
61.25,-136.25,-0.01469,-0.01135,0.0
61.5,-136.25,-0.01548,-0.01143,0.0
61.75,-136.25,-0.01624,-0.01154,0.0
62.0,-136.25,-0.01691,-0.01163,0.0
62.25,-136.25,-0.0171,-0.0115,0.0
62.5,-136.25,-0.01722,-0.01137,0.0
62.75,-136.25,-0.01734,-0.01124,0.0
63.0,-136.25,-0.01741,-0.01113,0.0
63.25,-136.25,-0.01727,-0.01097,0.0
63.5,-136.25,-0.01708,-0.01079,0.0
63.75,-136.25,-0.01801,-0.01347,0.0
64.0,-136.25,-0.01783,-0.01339,0.0
54.0,-136.0,0.03137,-0.02885,0.0
54.25,-136.0,0.03134,-0.02858,0.0
54.5,-136.0,0.03131,-0.0283,0.0
54.75,-136.0,0.03123,-0.02803,0.0
55.0,-136.0,0.03115,-0.02773,0.0
55.25,-136.0,0.03073,-0.02753,0.0
55.5,-136.0,0.03022,-0.02729,0.0
55.75,-136.0,0.02948,-0.027,0.0
56.0,-136.0,0.02844,-0.02659,0.0
56.25,-136.0,0.02623,-0.02589,0.0
56.5,-136.0,0.02238,-0.02469,0.0
56.75,-136.0,0.01509,-0.0223,0.0
57.0,-136.0,0.00488,-0.01855,0.0
57.25,-136.0,-0.002,-0.01682,0.0
57.5,-136.0,-0.00648,-0.01528,0.0
57.75,-136.0,-0.01005,-0.01371,0.0
58.0,-136.0,-0.01285,-0.01392,0.0
58.25,-136.0,-0.01389,-0.01361,0.0
58.5,-136.0,-0.01398,-0.0131,0.0
58.75,-136.0,-0.01331,-0.01224,0.0
59.0,-136.0,-0.01198,-0.01071,0.0
59.25,-136.0,-0.01094,-0.01049,0.0
59.5,-136.0,-0.01031,-0.01006,0.0
59.75,-136.0,-0.0106,-0.01013,0.0
60.0,-136.0,-0.01033,-0.01021,0.0
60.25,-136.0,-0.0115,-0.01051,0.0
60.5,-136.0,-0.01233,-0.0108,0.0
60.75,-136.0,-0.01318,-0.0111,0.0
61.0,-136.0,-0.01407,-0.01149,0.0
61.25,-136.0,-0.01479,-0.01146,0.0
61.5,-136.0,-0.01554,-0.01155,0.0
61.75,-136.0,-0.01625,-0.01165,0.0
62.0,-136.0,-0.0171,-0.01185,0.0
62.25,-136.0,-0.01707,-0.01161,0.0
62.5,-136.0,-0.01718,-0.01146,0.0
62.75,-136.0,-0.01727,-0.01133,0.0
63.0,-136.0,-0.01743,-0.01124,0.0
63.25,-136.0,-0.01718,-0.01103,0.0
63.5,-136.0,-0.01701,-0.01086,0.0
63.75,-136.0,-0.01789,-0.01354,0.0
64.0,-136.0,-0.0177,-0.01346,0.0
54.0,-135.75,0.03118,-0.02877,0.0
54.25,-135.75,0.03111,-0.02849,0.0
54.5,-135.75,0.03102,-0.02823,0.0
54.75,-135.75,0.03087,-0.02795,0.0
55.0,-135.75,0.0306,-0.02769,0.0
55.25,-135.75,0.03006,-0.02746,0.0
55.5,-135.75,0.0292,-0.02724,0.0
55.75,-135.75,0.02775,-0.02694,0.0
56.0,-135.75,0.02478,-0.02635,0.0
56.25,-135.75,0.01815,-0.02386,0.0
56.5,-135.75,0.00711,-0.01928,0.0
56.75,-135.75,-0.00135,-0.0165,0.0
57.0,-135.75,-0.00567,-0.01562,0.0
57.25,-135.75,-0.00823,-0.01517,0.0
57.5,-135.75,-0.01022,-0.01435,0.0
57.75,-135.75,-0.01189,-0.01352,0.0
58.0,-135.75,-0.01339,-0.01346,0.0
58.25,-135.75,-0.01415,-0.01319,0.0
58.5,-135.75,-0.01409,-0.01271,0.0
58.75,-135.75,-0.0133,-0.01199,0.0
59.0,-135.75,-0.01219,-0.01049,0.0
59.25,-135.75,-0.01136,-0.01021,0.0
59.5,-135.75,-0.0109,-0.00986,0.0
59.75,-135.75,-0.01097,-0.01012,0.0
60.0,-135.75,-0.01101,-0.0103,0.0
60.25,-135.75,-0.01175,-0.01059,0.0
60.5,-135.75,-0.01254,-0.01091,0.0
60.75,-135.75,-0.01336,-0.01123,0.0
61.0,-135.75,-0.01417,-0.0115,0.0
61.25,-135.75,-0.01489,-0.01157,0.0
61.5,-135.75,-0.01558,-0.01166,0.0
61.75,-135.75,-0.01626,-0.01175,0.0
62.0,-135.75,-0.01687,-0.01183,0.0
62.25,-135.75,-0.01703,-0.01169,0.0
62.5,-135.75,-0.01712,-0.01154,0.0
62.75,-135.75,-0.0172,-0.0114,0.0
63.0,-135.75,-0.01725,-0.01129,0.0
63.25,-135.75,-0.01711,-0.0111,0.0
63.5,-135.75,-0.01693,-0.01092,0.0
63.75,-135.75,-0.01778,-0.01362,0.0
64.0,-135.75,-0.01761,-0.01353,0.0
54.0,-135.5,0.03096,-0.02868,0.0
54.25,-135.5,0.03083,-0.02841,0.0
54.5,-135.5,0.03065,-0.02814,0.0
54.75,-135.5,0.03039,-0.02787,0.0
55.0,-135.5,0.02993,-0.02763,0.0
55.25,-135.5,0.02903,-0.02739,0.0
55.5,-135.5,0.02741,-0.02714,0.0
55.75,-135.5,0.02382,-0.0266,0.0
56.0,-135.5,0.01439,-0.02295,0.0
56.25,-135.5,0.00177,-0.01718,0.0
56.5,-135.5,-0.00424,-0.01589,0.0
56.75,-135.5,-0.0071,-0.0153,0.0
57.0,-135.5,-0.00893,-0.01498,0.0
57.25,-135.5,-0.01033,-0.01465,0.0
57.5,-135.5,-0.01159,-0.0141,0.0
57.75,-135.5,-0.01275,-0.01352,0.0
58.0,-135.5,-0.01372,-0.01325,0.0
58.25,-135.5,-0.01426,-0.01291,0.0
58.5,-135.5,-0.01416,-0.01241,0.0
58.75,-135.5,-0.01335,-0.01175,0.0
59.0,-135.5,-0.01237,-0.01019,0.0
59.25,-135.5,-0.01155,-0.00958,0.0
59.5,-135.5,-0.01125,-0.00975,0.0
59.75,-135.5,-0.0113,-0.01012,0.0
60.0,-135.5,-0.01139,-0.01034,0.0
60.25,-135.5,-0.012,-0.01068,0.0
60.5,-135.5,-0.01275,-0.01101,0.0
60.75,-135.5,-0.01351,-0.01136,0.0
61.0,-135.5,-0.0143,-0.0116,0.0
61.25,-135.5,-0.01498,-0.0117,0.0
61.5,-135.5,-0.01563,-0.01177,0.0
61.75,-135.5,-0.01626,-0.01184,0.0
62.0,-135.5,-0.01679,-0.01189,0.0
62.25,-135.5,-0.01697,-0.01177,0.0
62.5,-135.5,-0.01706,-0.01161,0.0
62.75,-135.5,-0.01712,-0.01147,0.0
63.0,-135.5,-0.01715,-0.01134,0.0
63.25,-135.5,-0.01703,-0.01117,0.0
63.5,-135.5,-0.01686,-0.01099,0.0
63.75,-135.5,-0.01767,-0.01368,0.0
64.0,-135.5,-0.01752,-0.0136,0.0
54.0,-135.25,0.03066,-0.0286,0.0
54.25,-135.25,0.03046,-0.02832,0.0
54.5,-135.25,0.03018,-0.02805,0.0
54.75,-135.25,0.02973,-0.02779,0.0
55.0,-135.25,0.02893,-0.02754,0.0
55.25,-135.25,0.02725,-0.02728,0.0
55.5,-135.25,0.02344,-0.02673,0.0
55.75,-135.25,0.01308,-0.02257,0.0
56.0,-135.25,0.00028,-0.01616,0.0
56.25,-135.25,-0.00516,-0.01548,0.0
56.5,-135.25,-0.00767,-0.01527,0.0
56.75,-135.25,-0.00918,-0.01501,0.0
57.0,-135.25,-0.01035,-0.01478,0.0
57.25,-135.25,-0.01132,-0.01446,0.0
57.5,-135.25,-0.01225,-0.01401,0.0
57.75,-135.25,-0.0133,-0.01353,0.0
58.0,-135.25,-0.01391,-0.01316,0.0
58.25,-135.25,-0.01433,-0.01273,0.0
58.5,-135.25,-0.01415,-0.01219,0.0
58.75,-135.25,-0.01344,-0.01152,0.0
59.0,-135.25,-0.01281,-0.01,0.0
59.25,-135.25,-0.01221,-0.00968,0.0
59.5,-135.25,-0.01153,-0.00971,0.0
59.75,-135.25,-0.01159,-0.01013,0.0
60.0,-135.25,-0.0116,-0.01036,0.0
60.25,-135.25,-0.01224,-0.01075,0.0
60.5,-135.25,-0.01295,-0.01112,0.0
60.75,-135.25,-0.01364,-0.01151,0.0
61.0,-135.25,-0.01446,-0.01173,0.0
61.25,-135.25,-0.01508,-0.01181,0.0
61.5,-135.25,-0.01568,-0.01186,0.0
61.75,-135.25,-0.01627,-0.01193,0.0
62.0,-135.25,-0.01678,-0.01199,0.0
62.25,-135.25,-0.01693,-0.01184,0.0
62.5,-135.25,-0.017,-0.01169,0.0
62.75,-135.25,-0.01705,-0.01155,0.0
63.0,-135.25,-0.01707,-0.01141,0.0
63.25,-135.25,-0.01695,-0.01123,0.0
63.5,-135.25,-0.01679,-0.01106,0.0
63.75,-135.25,-0.01756,-0.01376,0.0
64.0,-135.25,-0.0174,-0.01367,0.0
54.0,-135.0,0.03028,-0.0285,0.0
54.25,-135.0,0.02998,-0.02823,0.0
54.5,-135.0,0.0295,-0.02795,0.0
54.75,-135.0,0.02871,-0.02769,0.0
55.0,-135.0,0.02723,-0.02739,0.0
55.25,-135.0,0.02331,-0.02687,0.0
55.5,-135.0,0.01285,-0.02265,0.0
55.75,-135.0,-9e-05,-0.0159,0.0
56.0,-135.0,-0.00529,-0.01521,0.0
56.25,-135.0,-0.00773,-0.01517,0.0
56.5,-135.0,-0.00919,-0.01508,0.0
56.75,-135.0,-0.01025,-0.01493,0.0
57.0,-135.0,-0.01113,-0.01474,0.0
57.25,-135.0,-0.01188,-0.0144,0.0
57.5,-135.0,-0.01262,-0.01399,0.0
57.75,-135.0,-0.01339,-0.01354,0.0
58.0,-135.0,-0.01411,-0.01311,0.0
58.25,-135.0,-0.01427,-0.01263,0.0
58.5,-135.0,-0.0141,-0.01204,0.0
58.75,-135.0,-0.01346,-0.0114,0.0
59.0,-135.0,-0.01295,-0.0097,0.0
59.25,-135.0,-0.01254,-0.0098,0.0
59.5,-135.0,-0.01201,-0.00988,0.0
59.75,-135.0,-0.01187,-0.01018,0.0
60.0,-135.0,-0.01156,-0.01028,0.0
60.25,-135.0,-0.01248,-0.01084,0.0
60.5,-135.0,-0.01315,-0.01122,0.0
60.75,-135.0,-0.01383,-0.0116,0.0
61.0,-135.0,-0.01468,-0.01194,0.0
61.25,-135.0,-0.01517,-0.0119,0.0
61.5,-135.0,-0.01573,-0.01196,0.0
61.75,-135.0,-0.01627,-0.01202,0.0
62.0,-135.0,-0.01695,-0.01218,0.0
62.25,-135.0,-0.01688,-0.01192,0.0
62.5,-135.0,-0.01692,-0.01176,0.0
62.75,-135.0,-0.01697,-0.01161,0.0
63.0,-135.0,-0.01706,-0.0115,0.0
63.25,-135.0,-0.01687,-0.01129,0.0
63.5,-135.0,-0.0167,-0.01112,0.0
63.75,-135.0,-0.01745,-0.01382,0.0
64.0,-135.0,-0.01727,-0.01371,0.0
54.0,-134.75,0.0298,-0.02841,0.0
54.25,-134.75,0.0293,-0.02812,0.0
54.5,-134.75,0.02848,-0.02784,0.0
54.75,-134.75,0.02691,-0.02753,0.0
55.0,-134.75,0.02323,-0.02698,0.0
55.25,-134.75,0.01282,-0.02283,0.0
55.5,-134.75,-0.0002,-0.01594,0.0
55.75,-134.75,-0.00552,-0.01518,0.0
56.0,-134.75,-0.0077,-0.01512,0.0
56.25,-134.75,-0.00902,-0.01511,0.0
56.5,-134.75,-0.01006,-0.01503,0.0
56.75,-134.75,-0.01088,-0.01491,0.0
57.0,-134.75,-0.01159,-0.01472,0.0
57.25,-134.75,-0.01222,-0.01439,0.0
57.5,-134.75,-0.01282,-0.01399,0.0
57.75,-134.75,-0.01343,-0.01356,0.0
58.0,-134.75,-0.01394,-0.01309,0.0
58.25,-134.75,-0.01413,-0.01255,0.0
58.5,-134.75,-0.01398,-0.01195,0.0
58.75,-134.75,-0.01348,-0.01127,0.0
59.0,-134.75,-0.01322,-0.00983,0.0
59.25,-134.75,-0.01276,-0.00986,0.0
59.5,-134.75,-0.01232,-0.01,0.0
59.75,-134.75,-0.01215,-0.01026,0.0
60.0,-134.75,-0.01215,-0.0105,0.0
60.25,-134.75,-0.01273,-0.01093,0.0
60.5,-134.75,-0.01336,-0.01132,0.0
60.75,-134.75,-0.01402,-0.01168,0.0
61.0,-134.75,-0.01472,-0.01194,0.0
61.25,-134.75,-0.01525,-0.012,0.0
61.5,-134.75,-0.01576,-0.01205,0.0
61.75,-134.75,-0.01627,-0.0121,0.0
62.0,-134.75,-0.01673,-0.01215,0.0
62.25,-134.75,-0.01682,-0.01199,0.0
62.5,-134.75,-0.01686,-0.01183,0.0
62.75,-134.75,-0.01689,-0.01168,0.0
63.0,-134.75,-0.0169,-0.01154,0.0
63.25,-134.75,-0.01677,-0.01136,0.0
63.5,-134.75,-0.01663,-0.01118,0.0
63.75,-134.75,-0.01733,-0.01388,0.0
64.0,-134.75,-0.01719,-0.01379,0.0
54.0,-134.5,0.02909,-0.02832,0.0
54.25,-134.5,0.02823,-0.028,0.0
54.5,-134.5,0.02661,-0.02766,0.0
54.75,-134.5,0.02293,-0.027,0.0
55.0,-134.5,0.0127,-0.02294,0.0
55.25,-134.5,-0.00023,-0.01602,0.0
55.5,-134.5,-0.0056,-0.01526,0.0
55.75,-134.5,-0.00778,-0.01514,0.0
56.0,-134.5,-0.00897,-0.01514,0.0
56.25,-134.5,-0.00984,-0.01511,0.0
56.5,-134.5,-0.01065,-0.01505,0.0
56.75,-134.5,-0.01131,-0.01494,0.0
57.0,-134.5,-0.01191,-0.01477,0.0
57.25,-134.5,-0.01244,-0.01442,0.0
57.5,-134.5,-0.01295,-0.01401,0.0
57.75,-134.5,-0.01345,-0.01357,0.0
58.0,-134.5,-0.01385,-0.01308,0.0
58.25,-134.5,-0.01402,-0.01247,0.0
58.5,-134.5,-0.01389,-0.01183,0.0
58.75,-134.5,-0.01362,-0.01097,0.0
59.0,-134.5,-0.01339,-0.00988,0.0
59.25,-134.5,-0.01294,-0.00992,0.0
59.5,-134.5,-0.01256,-0.0101,0.0
59.75,-134.5,-0.01241,-0.01035,0.0
60.0,-134.5,-0.01248,-0.01063,0.0
60.25,-134.5,-0.01297,-0.01104,0.0
60.5,-134.5,-0.01356,-0.01143,0.0
60.75,-134.5,-0.01419,-0.01177,0.0
61.0,-134.5,-0.01483,-0.01202,0.0
61.25,-134.5,-0.01533,-0.0121,0.0
61.5,-134.5,-0.0158,-0.01214,0.0
61.75,-134.5,-0.01626,-0.01218,0.0
62.0,-134.5,-0.01665,-0.01219,0.0
62.25,-134.5,-0.01676,-0.01206,0.0
62.5,-134.5,-0.0168,-0.01189,0.0
62.75,-134.5,-0.01681,-0.01173,0.0
63.0,-134.5,-0.0168,-0.01158,0.0
63.25,-134.5,-0.01669,-0.01141,0.0
63.5,-134.5,-0.01655,-0.01124,0.0
63.75,-134.5,-0.01722,-0.01394,0.0
64.0,-134.5,-0.01709,-0.01386,0.0
54.0,-134.25,0.02795,-0.0282,0.0
54.25,-134.25,0.02623,-0.02781,0.0
54.5,-134.25,0.02227,-0.02706,0.0
54.75,-134.25,0.01185,-0.02259,0.0
55.0,-134.25,-0.00048,-0.01612,0.0
55.25,-134.25,-0.00567,-0.01534,0.0
55.5,-134.25,-0.00784,-0.01523,0.0
55.75,-134.25,-0.00899,-0.0152,0.0
56.0,-134.25,-0.00974,-0.0152,0.0
56.25,-134.25,-0.01043,-0.01516,0.0
56.5,-134.25,-0.01107,-0.01509,0.0
56.75,-134.25,-0.01164,-0.015,0.0
57.0,-134.25,-0.01216,-0.01487,0.0
57.25,-134.25,-0.01259,-0.01446,0.0
57.5,-134.25,-0.01302,-0.01403,0.0
57.75,-134.25,-0.01343,-0.01358,0.0
58.0,-134.25,-0.01379,-0.01308,0.0
58.25,-134.25,-0.01393,-0.01234,0.0
58.5,-134.25,-0.01394,-0.01152,0.0
58.75,-134.25,-0.01399,-0.01061,0.0
59.0,-134.25,-0.01346,-0.00985,0.0
59.25,-134.25,-0.01308,-0.01001,0.0
59.5,-134.25,-0.01275,-0.01019,0.0
59.75,-134.25,-0.01264,-0.01044,0.0
60.0,-134.25,-0.01273,-0.01073,0.0
60.25,-134.25,-0.0132,-0.01115,0.0
60.5,-134.25,-0.01375,-0.01154,0.0
60.75,-134.25,-0.01435,-0.01187,0.0
61.0,-134.25,-0.01497,-0.01214,0.0
61.25,-134.25,-0.0154,-0.01219,0.0
61.5,-134.25,-0.01583,-0.01223,0.0
61.75,-134.25,-0.01626,-0.01225,0.0
62.0,-134.25,-0.01663,-0.01227,0.0
62.25,-134.25,-0.0167,-0.01212,0.0
62.5,-134.25,-0.01674,-0.01195,0.0
62.75,-134.25,-0.01674,-0.01179,0.0
63.0,-134.25,-0.01672,-0.01164,0.0
63.25,-134.25,-0.01661,-0.01147,0.0
63.5,-134.25,-0.01648,-0.01129,0.0
63.75,-134.25,-0.01711,-0.01401,0.0
64.0,-134.25,-0.01698,-0.01391,0.0
54.0,-134.0,0.02574,-0.02798,0.0
54.25,-134.0,0.02132,-0.02706,0.0
54.5,-134.0,0.01017,-0.02175,0.0
54.75,-134.0,-0.00131,-0.01628,0.0
55.0,-134.0,-0.00582,-0.0155,0.0
55.25,-134.0,-0.00791,-0.01534,0.0
55.5,-134.0,-0.00903,-0.01529,0.0
55.75,-134.0,-0.00976,-0.01527,0.0
56.0,-134.0,-0.01023,-0.0153,0.0
56.25,-134.0,-0.01086,-0.01522,0.0
56.5,-134.0,-0.0114,-0.01515,0.0
56.75,-134.0,-0.01188,-0.01506,0.0
57.0,-134.0,-0.01236,-0.01509,0.0
57.25,-134.0,-0.0127,-0.0145,0.0
57.5,-134.0,-0.01305,-0.01405,0.0
57.75,-134.0,-0.01339,-0.01359,0.0
58.0,-134.0,-0.01378,-0.01304,0.0
58.25,-134.0,-0.01402,-0.01207,0.0
58.5,-134.0,-0.01437,-0.0112,0.0
58.75,-134.0,-0.01409,-0.01049,0.0
59.0,-134.0,-0.01337,-0.00958,0.0
59.25,-134.0,-0.0132,-0.01012,0.0
59.5,-134.0,-0.01291,-0.01028,0.0
59.75,-134.0,-0.01284,-0.01054,0.0
60.0,-134.0,-0.01285,-0.01076,0.0
60.25,-134.0,-0.01342,-0.01129,0.0
60.5,-134.0,-0.01394,-0.01165,0.0
60.75,-134.0,-0.0145,-0.01197,0.0
61.0,-134.0,-0.01519,-0.01234,0.0
61.25,-134.0,-0.01547,-0.01228,0.0
61.5,-134.0,-0.01586,-0.01231,0.0
61.75,-134.0,-0.01623,-0.01233,0.0
62.0,-134.0,-0.01673,-0.01242,0.0
62.25,-134.0,-0.01664,-0.01218,0.0
62.5,-134.0,-0.01666,-0.012,0.0
62.75,-134.0,-0.01665,-0.01184,0.0
63.0,-134.0,-0.01668,-0.0117,0.0
63.25,-134.0,-0.01653,-0.01152,0.0
63.5,-134.0,-0.01641,-0.01135,0.0
63.75,-134.0,-0.01701,-0.01406,0.0
64.0,-134.0,-0.01684,-0.01396,0.0
54.0,-133.75,0.0201,-0.027,0.0
54.25,-133.75,0.05258,-0.03285,0.0
54.5,-133.75,-0.00232,-0.01635,0.0
54.75,-133.75,-0.00631,-0.01571,0.0
55.0,-133.75,-0.00805,-0.0155,0.0
55.25,-133.75,-0.00909,-0.01541,0.0
55.5,-133.75,-0.00978,-0.01536,0.0
55.75,-133.75,-0.01029,-0.01534,0.0
56.0,-133.75,-0.01072,-0.01534,0.0
56.25,-133.75,-0.01121,-0.01528,0.0
56.5,-133.75,-0.01167,-0.01522,0.0
56.75,-133.75,-0.01209,-0.01512,0.0
57.0,-133.75,-0.01248,-0.01497,0.0
57.25,-133.75,-0.01277,-0.01453,0.0
57.5,-133.75,-0.01306,-0.01405,0.0
57.75,-133.75,-0.01335,-0.01356,0.0
58.0,-133.75,-0.01496,-0.01084,0.0
58.25,-133.75,-0.01438,-0.01171,0.0
58.5,-133.75,-0.0144,-0.01102,0.0
58.75,-133.75,-0.01406,-0.01053,0.0
59.0,-133.75,-0.01356,-0.01009,0.0
59.25,-133.75,-0.01331,-0.01027,0.0
59.5,-133.75,-0.01306,-0.01039,0.0
59.75,-133.75,-0.01306,-0.01068,0.0
60.0,-133.75,-0.01322,-0.01103,0.0
60.25,-133.75,-0.01363,-0.01143,0.0
60.5,-133.75,-0.0141,-0.01178,0.0
60.75,-133.75,-0.01464,-0.0121,0.0
61.0,-133.75,-0.01518,-0.01233,0.0
61.25,-133.75,-0.01553,-0.01238,0.0
61.5,-133.75,-0.01587,-0.01238,0.0
61.75,-133.75,-0.01622,-0.01239,0.0
62.0,-133.75,-0.01654,-0.0124,0.0
62.25,-133.75,-0.01658,-0.01223,0.0
62.5,-133.75,-0.01659,-0.01206,0.0
62.75,-133.75,-0.01657,-0.01189,0.0
63.0,-133.75,-0.01655,-0.01174,0.0
63.25,-133.75,-0.01645,-0.01157,0.0
63.5,-133.75,-0.01633,-0.01141,0.0
63.75,-133.75,-0.0169,-0.01412,0.0
64.0,-133.75,-0.01678,-0.01404,0.0
54.0,-133.5,0.05035,-0.03183,0.0
54.25,-133.5,-0.00327,-0.01641,0.0
54.5,-133.5,-0.00675,-0.01588,0.0
54.75,-133.5,-0.00833,-0.01568,0.0
55.0,-133.5,-0.00921,-0.01556,0.0
55.25,-133.5,-0.00982,-0.01548,0.0
55.5,-133.5,-0.01029,-0.01544,0.0
55.75,-133.5,-0.01069,-0.01541,0.0
56.0,-133.5,-0.01106,-0.0154,0.0
56.25,-133.5,-0.01148,-0.01535,0.0
56.5,-133.5,-0.01189,-0.01529,0.0
56.75,-133.5,-0.01226,-0.01517,0.0
57.0,-133.5,-0.01257,-0.01497,0.0
57.25,-133.5,-0.01283,-0.01453,0.0
57.5,-133.5,-0.01306,-0.01403,0.0
57.75,-133.5,-0.01457,-0.01137,0.0
58.0,-133.5,-0.01397,-0.01241,0.0
58.25,-133.5,-0.01439,-0.01152,0.0
58.5,-133.5,-0.01431,-0.01104,0.0
58.75,-133.5,-0.01402,-0.01066,0.0
59.0,-133.5,-0.01364,-0.01034,0.0
59.25,-133.5,-0.01342,-0.01047,0.0
59.5,-133.5,-0.01326,-0.01062,0.0
59.75,-133.5,-0.01328,-0.01089,0.0
60.0,-133.5,-0.01349,-0.01124,0.0
60.25,-133.5,-0.01383,-0.01159,0.0
60.5,-133.5,-0.01427,-0.01192,0.0
60.75,-133.5,-0.01476,-0.0122,0.0
61.0,-133.5,-0.01524,-0.01241,0.0
61.25,-133.5,-0.01557,-0.01246,0.0
61.5,-133.5,-0.01588,-0.01246,0.0
61.75,-133.5,-0.0162,-0.01246,0.0
62.0,-133.5,-0.01646,-0.01243,0.0
62.25,-133.5,-0.01651,-0.01228,0.0
62.5,-133.5,-0.01651,-0.01212,0.0
62.75,-133.5,-0.01649,-0.01195,0.0
63.0,-133.5,-0.01646,-0.01178,0.0
63.25,-133.5,-0.01636,-0.01162,0.0
63.5,-133.5,-0.01625,-0.01146,0.0
63.75,-133.5,-0.01679,-0.01418,0.0
64.0,-133.5,-0.01667,-0.01411,0.0
54.0,-133.25,-0.0041,-0.01649,0.0
54.25,-133.25,-0.00717,-0.01605,0.0
54.5,-133.25,-0.00861,-0.01585,0.0
54.75,-133.25,-0.00941,-0.01572,0.0
55.0,-133.25,-0.0099,-0.01562,0.0
55.25,-133.25,-0.01033,-0.01555,0.0
55.5,-133.25,-0.01067,-0.01552,0.0
55.75,-133.25,-0.01101,-0.01548,0.0
56.0,-133.25,-0.01135,-0.01547,0.0
56.25,-133.25,-0.01172,-0.01541,0.0
56.5,-133.25,-0.0121,-0.01537,0.0
56.75,-133.25,-0.01241,-0.01522,0.0
57.0,-133.25,-0.01268,-0.01502,0.0
57.25,-133.25,-0.01287,-0.01451,0.0
57.5,-133.25,-0.01425,-0.01179,0.0
57.75,-133.25,-0.01463,-0.01106,0.0
58.0,-133.25,-0.0141,-0.01204,0.0
58.25,-133.25,-0.01429,-0.01152,0.0
58.5,-133.25,-0.01422,-0.01115,0.0
58.75,-133.25,-0.01398,-0.01081,0.0
59.0,-133.25,-0.01365,-0.01049,0.0
59.25,-133.25,-0.01353,-0.01067,0.0
59.5,-133.25,-0.01344,-0.01087,0.0
59.75,-133.25,-0.0135,-0.01113,0.0
60.0,-133.25,-0.01372,-0.01144,0.0
60.25,-133.25,-0.01402,-0.01176,0.0
60.5,-133.25,-0.01442,-0.01205,0.0
60.75,-133.25,-0.01488,-0.01232,0.0
61.0,-133.25,-0.01535,-0.01254,0.0
61.25,-133.25,-0.01563,-0.01255,0.0
61.5,-133.25,-0.01589,-0.01254,0.0
61.75,-133.25,-0.01616,-0.01252,0.0
62.0,-133.25,-0.01643,-0.0125,0.0
62.25,-133.25,-0.01645,-0.01233,0.0
62.5,-133.25,-0.01644,-0.01216,0.0
62.75,-133.25,-0.01641,-0.012,0.0
63.0,-133.25,-0.01637,-0.01182,0.0
63.25,-133.25,-0.01629,-0.01167,0.0
63.5,-133.25,-0.01618,-0.01151,0.0
63.75,-133.25,-0.01668,-0.01424,0.0
64.0,-133.25,-0.01657,-0.01416,0.0
54.0,-133.0,-0.00751,-0.01623,0.0
54.25,-133.0,-0.00884,-0.01602,0.0
54.5,-133.0,-0.00961,-0.01588,0.0
54.75,-133.0,-0.01007,-0.01578,0.0
55.0,-133.0,-0.01034,-0.0157,0.0
55.25,-133.0,-0.01071,-0.01562,0.0
55.5,-133.0,-0.01095,-0.01558,0.0
55.75,-133.0,-0.01127,-0.01552,0.0
56.0,-133.0,-0.01155,-0.01556,0.0
56.25,-133.0,-0.01191,-0.01545,0.0
56.5,-133.0,-0.01226,-0.0154,0.0
56.75,-133.0,-0.01256,-0.01525,0.0
57.0,-133.0,-0.01279,-0.01516,0.0
57.25,-133.0,-0.01407,-0.01219,0.0
57.5,-133.0,-0.01431,-0.01154,0.0
57.75,-133.0,-0.01387,-0.01271,0.0
58.0,-133.0,-0.01395,-0.01191,0.0
58.25,-133.0,-0.01417,-0.01158,0.0
58.5,-133.0,-0.01413,-0.01129,0.0
58.75,-133.0,-0.01395,-0.01099,0.0
59.0,-133.0,-0.01358,-0.01042,0.0
59.25,-133.0,-0.01363,-0.0109,0.0
59.5,-133.0,-0.01362,-0.01111,0.0
59.75,-133.0,-0.0137,-0.01136,0.0
60.0,-133.0,-0.01394,-0.01163,0.0
60.25,-133.0,-0.0142,-0.01193,0.0
60.5,-133.0,-0.01456,-0.01219,0.0
60.75,-133.0,-0.01498,-0.01244,0.0
61.0,-133.0,-0.01556,-0.01274,0.0
61.25,-133.0,-0.01565,-0.01263,0.0
61.5,-133.0,-0.01589,-0.01262,0.0
61.75,-133.0,-0.01614,-0.01258,0.0
62.0,-133.0,-0.01647,-0.01262,0.0
62.25,-133.0,-0.01638,-0.01238,0.0
62.5,-133.0,-0.01637,-0.01221,0.0
62.75,-133.0,-0.01632,-0.01204,0.0
63.0,-133.0,-0.01631,-0.01188,0.0
63.25,-133.0,-0.01621,-0.01172,0.0
63.5,-133.0,-0.01611,-0.01155,0.0
63.75,-133.0,-0.01657,-0.01429,0.0
64.0,-133.0,-0.01644,-0.01421,0.0
54.0,-132.75,-0.00902,-0.0162,0.0
54.25,-132.75,-0.00978,-0.01605,0.0
54.5,-132.75,-0.01024,-0.01594,0.0
54.75,-132.75,-0.01055,-0.01583,0.0
55.0,-132.75,-0.01076,-0.01575,0.0
55.25,-132.75,-0.011,-0.01567,0.0
55.5,-132.75,-0.01123,-0.01562,0.0
55.75,-132.75,-0.01149,-0.01557,0.0
56.0,-132.75,-0.01177,-0.01555,0.0
56.25,-132.75,-0.01207,-0.01544,0.0
56.5,-132.75,-0.01239,-0.01533,0.0
56.75,-132.75,-0.01265,-0.01513,0.0
57.0,-132.75,-0.01393,-0.01247,0.0
57.25,-132.75,-0.01413,-0.01195,0.0
57.5,-132.75,-0.01363,-0.01325,0.0
57.75,-132.75,-0.01396,-0.01246,0.0
58.0,-132.75,-0.01396,-0.01196,0.0
58.25,-132.75,-0.01407,-0.01168,0.0
58.5,-132.75,-0.01407,-0.01145,0.0
58.75,-132.75,-0.01394,-0.0112,0.0
59.0,-132.75,-0.01374,-0.01095,0.0
59.25,-132.75,-0.01373,-0.01115,0.0
59.5,-132.75,-0.01377,-0.01136,0.0
59.75,-132.75,-0.01388,-0.0116,0.0
60.0,-132.75,-0.0141,-0.01185,0.0
60.25,-132.75,-0.01436,-0.01211,0.0
60.5,-132.75,-0.01467,-0.01232,0.0
60.75,-132.75,-0.01506,-0.01255,0.0
61.0,-132.75,-0.01547,-0.01274,0.0
61.25,-132.75,-0.01567,-0.01271,0.0
61.5,-132.75,-0.01588,-0.01267,0.0
61.75,-132.75,-0.0161,-0.01264,0.0
62.0,-132.75,-0.01631,-0.0126,0.0
62.25,-132.75,-0.01631,-0.01242,0.0
62.5,-132.75,-0.01627,-0.01224,0.0
62.75,-132.75,-0.01625,-0.01209,0.0
63.0,-132.75,-0.01621,-0.01192,0.0
63.25,-132.75,-0.01614,-0.01176,0.0
63.5,-132.75,-0.01604,-0.01161,0.0
63.75,-132.75,-0.01646,-0.01435,0.0
64.0,-132.75,-0.01636,-0.01427,0.0
54.0,-132.5,-0.00989,-0.01622,0.0
54.25,-132.5,-0.01038,-0.01609,0.0
54.5,-132.5,-0.01068,-0.01598,0.0
54.75,-132.5,-0.0109,-0.01588,0.0
55.0,-132.5,-0.01106,-0.01581,0.0
55.25,-132.5,-0.01126,-0.01572,0.0
55.5,-132.5,-0.01146,-0.01566,0.0
55.75,-132.5,-0.01168,-0.0156,0.0
56.0,-132.5,-0.01193,-0.01553,0.0
56.25,-132.5,-0.0122,-0.01541,0.0
56.5,-132.5,-0.01253,-0.01521,0.0
56.75,-132.5,-0.01273,-0.01484,0.0
57.0,-132.5,-0.01402,-0.01202,0.0
57.25,-132.5,-0.01453,-0.01148,0.0
57.5,-132.5,-0.01386,-0.01289,0.0
57.75,-132.5,-0.01391,-0.01239,0.0
58.0,-132.5,-0.01388,-0.012,0.0
58.25,-132.5,-0.01399,-0.0118,0.0
58.5,-132.5,-0.01402,-0.01163,0.0
58.75,-132.5,-0.01395,-0.01145,0.0
59.0,-132.5,-0.01384,-0.0113,0.0
59.25,-132.5,-0.01384,-0.01141,0.0
59.5,-132.5,-0.01391,-0.01161,0.0
59.75,-132.5,-0.01404,-0.01184,0.0
60.0,-132.5,-0.01427,-0.01208,0.0
60.25,-132.5,-0.01449,-0.01228,0.0
60.5,-132.5,-0.01478,-0.01247,0.0
60.75,-132.5,-0.01514,-0.01266,0.0
61.0,-132.5,-0.01549,-0.01281,0.0
61.25,-132.5,-0.01569,-0.01279,0.0
61.5,-132.5,-0.01587,-0.01274,0.0
61.75,-132.5,-0.01606,-0.01269,0.0
62.0,-132.5,-0.01621,-0.01262,0.0
62.25,-132.5,-0.01623,-0.01247,0.0
62.5,-132.5,-0.01621,-0.0123,0.0
62.75,-132.5,-0.01618,-0.01212,0.0
63.0,-132.5,-0.01612,-0.01196,0.0
63.25,-132.5,-0.01605,-0.01181,0.0
63.5,-132.5,-0.01597,-0.01166,0.0
63.75,-132.5,-0.01636,-0.0144,0.0
64.0,-132.5,-0.01627,-0.01434,0.0
54.0,-132.25,-0.01048,-0.01624,0.0
54.25,-132.25,-0.01082,-0.01613,0.0
54.5,-132.25,-0.01104,-0.01603,0.0
54.75,-132.25,-0.01118,-0.01593,0.0
55.0,-132.25,-0.0113,-0.01585,0.0
55.25,-132.25,-0.01146,-0.01576,0.0
55.5,-132.25,-0.01165,-0.01568,0.0
55.75,-132.25,-0.01185,-0.0156,0.0
56.0,-132.25,-0.01208,-0.01551,0.0
56.25,-132.25,-0.01231,-0.0153,0.0
56.5,-132.25,-0.0126,-0.01493,0.0
56.75,-132.25,-0.01404,-0.01189,0.0
57.0,-132.25,-0.01349,-0.01381,0.0
57.25,-132.25,-0.01379,-0.01325,0.0
57.5,-132.25,-0.01385,-0.01276,0.0
57.75,-132.25,-0.01383,-0.01239,0.0
58.0,-132.25,-0.01375,-0.01204,0.0
58.25,-132.25,-0.01391,-0.01194,0.0
58.5,-132.25,-0.01399,-0.01181,0.0
58.75,-132.25,-0.01396,-0.01166,0.0
59.0,-132.25,-0.0139,-0.01158,0.0
59.25,-132.25,-0.01394,-0.01167,0.0
59.5,-132.25,-0.01402,-0.01184,0.0
59.75,-132.25,-0.01419,-0.01206,0.0
60.0,-132.25,-0.01444,-0.01232,0.0
60.25,-132.25,-0.01462,-0.01245,0.0
60.5,-132.25,-0.01488,-0.01261,0.0
60.75,-132.25,-0.0152,-0.01278,0.0
61.0,-132.25,-0.01555,-0.01293,0.0
61.25,-132.25,-0.0157,-0.01287,0.0
61.5,-132.25,-0.01585,-0.01281,0.0
61.75,-132.25,-0.01601,-0.01275,0.0
62.0,-132.25,-0.01616,-0.01267,0.0
62.25,-132.25,-0.01616,-0.01251,0.0
62.5,-132.25,-0.01613,-0.01234,0.0
62.75,-132.25,-0.01609,-0.01216,0.0
63.0,-132.25,-0.01603,-0.012,0.0
63.25,-132.25,-0.01598,-0.01185,0.0
63.5,-132.25,-0.01589,-0.01171,0.0
63.75,-132.25,-0.01625,-0.01445,0.0
64.0,-132.25,-0.01616,-0.01439,0.0
54.0,-132.0,-0.01092,-0.01628,0.0
54.25,-132.0,-0.01115,-0.01618,0.0
54.5,-132.0,-0.01131,-0.01608,0.0
54.75,-132.0,-0.01141,-0.01598,0.0
55.0,-132.0,-0.01147,-0.0159,0.0
55.25,-132.0,-0.01165,-0.01578,0.0
55.5,-132.0,-0.01181,-0.0157,0.0
55.75,-132.0,-0.012,-0.0156,0.0
56.0,-132.0,-0.01223,-0.01547,0.0
56.25,-132.0,-0.01242,-0.01509,0.0
56.5,-132.0,-0.01396,-0.01193,0.0
56.75,-132.0,-0.01351,-0.01382,0.0
57.0,-132.0,-0.01365,-0.01323,0.0
57.25,-132.0,-0.01378,-0.01304,0.0
57.5,-132.0,-0.01382,-0.01275,0.0
57.75,-132.0,-0.01378,-0.01245,0.0
58.0,-132.0,-0.01347,-0.01198,0.0
58.25,-132.0,-0.01386,-0.01209,0.0
58.5,-132.0,-0.01396,-0.01201,0.0
58.75,-132.0,-0.01397,-0.01191,0.0
59.0,-132.0,-0.01391,-0.01179,0.0
59.25,-132.0,-0.01402,-0.01193,0.0
59.5,-132.0,-0.01413,-0.01209,0.0
59.75,-132.0,-0.01431,-0.01228,0.0
60.0,-132.0,-0.01465,-0.01261,0.0
60.25,-132.0,-0.01473,-0.01262,0.0
60.5,-132.0,-0.01495,-0.01274,0.0
60.75,-132.0,-0.01526,-0.01288,0.0
61.0,-132.0,-0.0157,-0.01312,0.0
61.25,-132.0,-0.0157,-0.01294,0.0
61.5,-132.0,-0.01582,-0.01286,0.0
61.75,-132.0,-0.01596,-0.01279,0.0
62.0,-132.0,-0.01617,-0.01276,0.0
62.25,-132.0,-0.01608,-0.01254,0.0
62.5,-132.0,-0.01605,-0.01237,0.0
62.75,-132.0,-0.01601,-0.01221,0.0
63.0,-132.0,-0.01596,-0.01204,0.0
63.25,-132.0,-0.0159,-0.0119,0.0
63.5,-132.0,-0.01583,-0.01176,0.0
63.75,-132.0,-0.01615,-0.0145,0.0
64.0,-132.0,-0.01604,-0.01444,0.0
54.0,-131.75,-0.01126,-0.01632,0.0
54.25,-131.75,-0.01143,-0.01624,0.0
54.5,-131.75,-0.01154,-0.01613,0.0
54.75,-131.75,-0.01161,-0.01601,0.0
55.0,-131.75,-0.01167,-0.0159,0.0
55.25,-131.75,-0.0118,-0.01578,0.0
55.5,-131.75,-0.01196,-0.01569,0.0
55.75,-131.75,-0.01213,-0.01556,0.0
56.0,-131.75,-0.01232,-0.01533,0.0
56.25,-131.75,-0.01272,-0.01464,0.0
56.5,-131.75,-0.01344,-0.01388,0.0
56.75,-131.75,-0.01359,-0.01345,0.0
57.0,-131.75,-0.01367,-0.01314,0.0
57.25,-131.75,-0.01375,-0.01297,0.0
57.5,-131.75,-0.01378,-0.01278,0.0
57.75,-131.75,-0.01374,-0.01254,0.0
58.0,-131.75,-0.01365,-0.01228,0.0
58.25,-131.75,-0.01383,-0.01226,0.0
58.5,-131.75,-0.01395,-0.01221,0.0
58.75,-131.75,-0.014,-0.01215,0.0
59.0,-131.75,-0.01401,-0.01212,0.0
59.25,-131.75,-0.0141,-0.01219,0.0
59.5,-131.75,-0.01423,-0.01232,0.0
59.75,-131.75,-0.01441,-0.0125,0.0
60.0,-131.75,-0.01467,-0.01272,0.0
60.25,-131.75,-0.01481,-0.01279,0.0
60.5,-131.75,-0.01502,-0.01287,0.0
60.75,-131.75,-0.01529,-0.01299,0.0
61.0,-131.75,-0.01558,-0.0131,0.0
61.25,-131.75,-0.01568,-0.01301,0.0
61.5,-131.75,-0.01578,-0.01291,0.0
61.75,-131.75,-0.01592,-0.01283,0.0
62.0,-131.75,-0.01603,-0.01275,0.0
62.25,-131.75,-0.01601,-0.01258,0.0
62.5,-131.75,-0.01598,-0.01241,0.0
62.75,-131.75,-0.01593,-0.01224,0.0
63.0,-131.75,-0.01588,-0.01209,0.0
63.25,-131.75,-0.01583,-0.01195,0.0
63.5,-131.75,-0.01576,-0.0118,0.0
63.75,-131.75,-0.01605,-0.01456,0.0
64.0,-131.75,-0.01598,-0.01451,0.0
54.0,-131.5,-0.01154,-0.01638,0.0
54.25,-131.5,-0.01166,-0.01629,0.0
54.5,-131.5,-0.01173,-0.01617,0.0
54.75,-131.5,-0.01178,-0.01603,0.0
55.0,-131.5,-0.01183,-0.01588,0.0
55.25,-131.5,-0.01196,-0.01575,0.0
55.5,-131.5,-0.01211,-0.01563,0.0
55.75,-131.5,-0.01226,-0.01547,0.0
56.0,-131.5,-0.0125,-0.01504,0.0
56.25,-131.5,-0.01325,-0.01407,0.0
56.5,-131.5,-0.0135,-0.0136,0.0
56.75,-131.5,-0.01359,-0.01331,0.0
57.0,-131.5,-0.01364,-0.01309,0.0
57.25,-131.5,-0.01371,-0.01297,0.0
57.5,-131.5,-0.01374,-0.01283,0.0
57.75,-131.5,-0.01371,-0.01266,0.0
58.0,-131.5,-0.01367,-0.01249,0.0
58.25,-131.5,-0.01382,-0.01245,0.0
58.5,-131.5,-0.01395,-0.01242,0.0
58.75,-131.5,-0.01402,-0.0124,0.0
59.0,-131.5,-0.01408,-0.01241,0.0
59.25,-131.5,-0.01418,-0.01244,0.0
59.5,-131.5,-0.01431,-0.01254,0.0
59.75,-131.5,-0.0145,-0.01271,0.0
60.0,-131.5,-0.01472,-0.01288,0.0
60.25,-131.5,-0.01488,-0.01294,0.0
60.5,-131.5,-0.01506,-0.01299,0.0
60.75,-131.5,-0.01531,-0.01308,0.0
61.0,-131.5,-0.01556,-0.01315,0.0
61.25,-131.5,-0.01566,-0.01307,0.0
61.5,-131.5,-0.01575,-0.01296,0.0
61.75,-131.5,-0.01585,-0.01287,0.0
62.0,-131.5,-0.01595,-0.01277,0.0
62.25,-131.5,-0.01594,-0.01261,0.0
62.5,-131.5,-0.0159,-0.01244,0.0
62.75,-131.5,-0.01585,-0.01228,0.0
63.0,-131.5,-0.01579,-0.01213,0.0
63.25,-131.5,-0.01576,-0.01199,0.0
63.5,-131.5,-0.0157,-0.01186,0.0
63.75,-131.5,-0.01595,-0.01462,0.0
64.0,-131.5,-0.01589,-0.01456,0.0
54.0,-131.25,-0.01178,-0.01643,0.0
54.25,-131.25,-0.01187,-0.01634,0.0
54.5,-131.25,-0.01192,-0.01624,0.0
54.75,-131.25,-0.01193,-0.01605,0.0
55.0,-131.25,-0.01197,-0.0158,0.0
55.25,-131.25,-0.01211,-0.0156,0.0
55.5,-131.25,-0.01226,-0.01545,0.0
55.75,-131.25,-0.01241,-0.01523,0.0
56.0,-131.25,-0.01299,-0.01447,0.0
56.25,-131.25,-0.01339,-0.01374,0.0
56.5,-131.25,-0.01352,-0.01348,0.0
56.75,-131.25,-0.01357,-0.01327,0.0
57.0,-131.25,-0.01358,-0.01305,0.0
57.25,-131.25,-0.01368,-0.01301,0.0
57.5,-131.25,-0.01372,-0.01291,0.0
57.75,-131.25,-0.0137,-0.01279,0.0
58.0,-131.25,-0.01365,-0.01265,0.0
58.25,-131.25,-0.01382,-0.01263,0.0
58.5,-131.25,-0.01395,-0.01261,0.0
58.75,-131.25,-0.01406,-0.01264,0.0
59.0,-131.25,-0.01415,-0.01269,0.0
59.25,-131.25,-0.01424,-0.01268,0.0
59.5,-131.25,-0.01439,-0.01275,0.0
59.75,-131.25,-0.01458,-0.01289,0.0
60.0,-131.25,-0.01482,-0.01309,0.0
60.25,-131.25,-0.01494,-0.01309,0.0
60.5,-131.25,-0.0151,-0.01311,0.0
60.75,-131.25,-0.01532,-0.01317,0.0
61.0,-131.25,-0.01556,-0.01323,0.0
61.25,-131.25,-0.01563,-0.01313,0.0
61.5,-131.25,-0.01571,-0.01301,0.0
61.75,-131.25,-0.0158,-0.0129,0.0
62.0,-131.25,-0.01587,-0.01281,0.0
62.25,-131.25,-0.01586,-0.01265,0.0
62.5,-131.25,-0.01583,-0.01248,0.0
62.75,-131.25,-0.01578,-0.01232,0.0
63.0,-131.25,-0.01572,-0.01216,0.0
63.25,-131.25,-0.01569,-0.01203,0.0
63.5,-131.25,-0.01563,-0.0119,0.0
63.75,-131.25,-0.01585,-0.01467,0.0
64.0,-131.25,-0.01579,-0.01462,0.0
54.0,-131.0,-0.012,-0.01648,0.0
54.25,-131.0,-0.01207,-0.0164,0.0
54.5,-131.0,-0.01208,-0.01629,0.0
54.75,-131.0,-0.01206,-0.01603,0.0
55.0,-131.0,-0.01206,-0.01557,0.0
55.25,-131.0,-0.01228,-0.01515,0.0
55.5,-131.0,-0.01247,-0.015,0.0
55.75,-131.0,-0.01278,-0.01472,0.0
56.0,-131.0,-0.01335,-0.01398,0.0
56.25,-131.0,-0.01345,-0.01362,0.0
56.5,-131.0,-0.01353,-0.01345,0.0
56.75,-131.0,-0.01356,-0.01328,0.0
57.0,-131.0,-0.01348,-0.01293,0.0
57.25,-131.0,-0.01366,-0.01306,0.0
57.5,-131.0,-0.0137,-0.01301,0.0
57.75,-131.0,-0.01369,-0.01293,0.0
58.0,-131.0,-0.01353,-0.01279,0.0
58.25,-131.0,-0.01382,-0.01282,0.0
58.5,-131.0,-0.01396,-0.01283,0.0
58.75,-131.0,-0.01409,-0.01285,0.0
59.0,-131.0,-0.01421,-0.01303,0.0
59.25,-131.0,-0.01429,-0.0129,0.0
59.5,-131.0,-0.01444,-0.01294,0.0
59.75,-131.0,-0.01464,-0.01307,0.0
60.0,-131.0,-0.01498,-0.01339,0.0
60.25,-131.0,-0.01498,-0.01322,0.0
60.5,-131.0,-0.01513,-0.01321,0.0
60.75,-131.0,-0.01532,-0.01325,0.0
61.0,-131.0,-0.01564,-0.0134,0.0
61.25,-131.0,-0.01559,-0.01318,0.0
61.5,-131.0,-0.01567,-0.01305,0.0
61.75,-131.0,-0.01573,-0.01294,0.0
62.0,-131.0,-0.01584,-0.01287,0.0
62.25,-131.0,-0.01578,-0.01267,0.0
62.5,-131.0,-0.01574,-0.01252,0.0
62.75,-131.0,-0.01569,-0.01235,0.0
63.0,-131.0,-0.01564,-0.01219,0.0
63.25,-131.0,-0.01562,-0.01207,0.0
63.5,-131.0,-0.01557,-0.01195,0.0
63.75,-131.0,-0.01576,-0.01472,0.0
64.0,-131.0,-0.01567,-0.01465,0.0
54.0,-130.75,-0.01218,-0.01653,0.0
54.25,-130.75,-0.01223,-0.01647,0.0
54.5,-130.75,-0.01227,-0.01638,0.0
54.75,-130.75,-0.01219,-0.01595,0.0
55.0,-130.75,-0.0124,-0.01503,0.0
55.25,-130.75,-0.01283,-0.01474,0.0
55.5,-130.75,-0.01306,-0.01462,0.0
55.75,-130.75,-0.01334,-0.01423,0.0
56.0,-130.75,-0.01341,-0.01376,0.0
56.25,-130.75,-0.01347,-0.01357,0.0
56.5,-130.75,-0.01352,-0.01345,0.0
56.75,-130.75,-0.01355,-0.01332,0.0
57.0,-130.75,-0.01354,-0.01315,0.0
57.25,-130.75,-0.01364,-0.01315,0.0
57.5,-130.75,-0.01369,-0.01312,0.0
57.75,-130.75,-0.01369,-0.01306,0.0
58.0,-130.75,-0.01368,-0.013,0.0
58.25,-130.75,-0.01384,-0.01301,0.0
58.5,-130.75,-0.01398,-0.01304,0.0
58.75,-130.75,-0.01412,-0.01307,0.0
59.0,-130.75,-0.01424,-0.01314,0.0
59.25,-130.75,-0.01434,-0.01309,0.0
59.5,-130.75,-0.01449,-0.01312,0.0
59.75,-130.75,-0.01468,-0.01323,0.0
60.0,-130.75,-0.01491,-0.01339,0.0
60.25,-130.75,-0.015,-0.01333,0.0
60.5,-130.75,-0.01514,-0.0133,0.0
60.75,-130.75,-0.01531,-0.01332,0.0
61.0,-130.75,-0.01551,-0.01335,0.0
61.25,-130.75,-0.01555,-0.01321,0.0
61.5,-130.75,-0.01561,-0.0131,0.0
61.75,-130.75,-0.01568,-0.01297,0.0
62.0,-130.75,-0.01572,-0.01286,0.0
62.25,-130.75,-0.0157,-0.0127,0.0
62.5,-130.75,-0.01567,-0.01254,0.0
62.75,-130.75,-0.01564,-0.01238,0.0
63.0,-130.75,-0.01558,-0.01224,0.0
63.25,-130.75,-0.01554,-0.01211,0.0
63.5,-130.75,-0.0155,-0.01199,0.0
63.75,-130.75,-0.01565,-0.01477,0.0
64.0,-130.75,-0.01561,-0.01473,0.0
54.0,-130.5,-0.01234,-0.0166,0.0
54.25,-130.5,-0.01238,-0.01653,0.0
54.5,-130.5,-0.01243,-0.01645,0.0
54.75,-130.5,-0.01252,-0.01592,0.0
55.0,-130.5,-0.01313,-0.01443,0.0
55.25,-130.5,-0.01316,-0.01415,0.0
55.5,-130.5,-0.01326,-0.01406,0.0
55.75,-130.5,-0.01338,-0.0139,0.0
56.0,-130.5,-0.01343,-0.0137,0.0
56.25,-130.5,-0.01348,-0.01358,0.0
56.5,-130.5,-0.01353,-0.01348,0.0
56.75,-130.5,-0.01355,-0.01338,0.0
57.0,-130.5,-0.01356,-0.01328,0.0
57.25,-130.5,-0.01363,-0.01324,0.0
57.5,-130.5,-0.0137,-0.01323,0.0
57.75,-130.5,-0.0137,-0.01321,0.0
58.0,-130.5,-0.01373,-0.01321,0.0
58.25,-130.5,-0.01385,-0.01321,0.0
58.5,-130.5,-0.01401,-0.01324,0.0
58.75,-130.5,-0.01414,-0.01326,0.0
59.0,-130.5,-0.01427,-0.01331,0.0
59.25,-130.5,-0.01439,-0.01328,0.0
59.5,-130.5,-0.01453,-0.01328,0.0
59.75,-130.5,-0.01472,-0.01338,0.0
60.0,-130.5,-0.01492,-0.01348,0.0
60.25,-130.5,-0.01501,-0.01344,0.0
60.5,-130.5,-0.01514,-0.01339,0.0
60.75,-130.5,-0.01529,-0.01338,0.0
61.0,-130.5,-0.01545,-0.01338,0.0
61.25,-130.5,-0.01551,-0.01326,0.0
61.5,-130.5,-0.01555,-0.01313,0.0
61.75,-130.5,-0.0156,-0.013,0.0
62.0,-130.5,-0.01564,-0.01288,0.0
62.25,-130.5,-0.01562,-0.01273,0.0
62.5,-130.5,-0.0156,-0.01258,0.0
62.75,-130.5,-0.01556,-0.01242,0.0
63.0,-130.5,-0.0155,-0.01228,0.0
63.25,-130.5,-0.01549,-0.01216,0.0
63.5,-130.5,-0.01545,-0.01204,0.0
63.75,-130.5,-0.01556,-0.01482,0.0
64.0,-130.5,-0.01552,-0.01479,0.0
54.0,-130.25,-0.0125,-0.01665,0.0
54.25,-130.25,-0.01251,-0.01659,0.0
54.5,-130.25,-0.01252,-0.01654,0.0
54.75,-130.25,-0.01317,-0.01379,0.0
55.0,-130.25,-0.0133,-0.01402,0.0
55.25,-130.25,-0.01328,-0.01389,0.0
55.5,-130.25,-0.01333,-0.01384,0.0
55.75,-130.25,-0.01339,-0.01377,0.0
56.0,-130.25,-0.01343,-0.01369,0.0
56.25,-130.25,-0.01349,-0.0136,0.0
56.5,-130.25,-0.01353,-0.01353,0.0
56.75,-130.25,-0.01355,-0.01345,0.0
57.0,-130.25,-0.01355,-0.0134,0.0
57.25,-130.25,-0.01362,-0.01336,0.0
57.5,-130.25,-0.01369,-0.01335,0.0
57.75,-130.25,-0.01372,-0.01335,0.0
58.0,-130.25,-0.01375,-0.0134,0.0
58.25,-130.25,-0.01389,-0.0134,0.0
58.5,-130.25,-0.01401,-0.01344,0.0
58.75,-130.25,-0.01417,-0.01344,0.0
59.0,-130.25,-0.01431,-0.01353,0.0
59.25,-130.25,-0.01442,-0.01345,0.0
59.5,-130.25,-0.01456,-0.01343,0.0
59.75,-130.25,-0.01474,-0.0135,0.0
60.0,-130.25,-0.01493,-0.01363,0.0
60.25,-130.25,-0.01502,-0.01353,0.0
60.5,-130.25,-0.01512,-0.01346,0.0
60.75,-130.25,-0.01527,-0.01344,0.0
61.0,-130.25,-0.01541,-0.01344,0.0
61.25,-130.25,-0.01546,-0.01329,0.0
61.5,-130.25,-0.01549,-0.01316,0.0
61.75,-130.25,-0.01553,-0.01303,0.0
62.0,-130.25,-0.01555,-0.01291,0.0
62.25,-130.25,-0.01555,-0.01275,0.0
62.5,-130.25,-0.01553,-0.0126,0.0
62.75,-130.25,-0.01548,-0.01245,0.0
63.0,-130.25,-0.01544,-0.01231,0.0
63.25,-130.25,-0.01542,-0.01219,0.0
63.5,-130.25,-0.01539,-0.01208,0.0
63.75,-130.25,-0.01547,-0.01488,0.0
64.0,-130.25,-0.01543,-0.01484,0.0
54.0,-130.0,-0.01264,-0.0167,0.0
54.25,-130.0,-0.01262,-0.01664,0.0
54.5,-130.0,-0.0133,-0.01345,0.0
54.75,-130.0,-0.01326,-0.01365,0.0
55.0,-130.0,-0.01331,-0.01384,0.0
55.25,-130.0,-0.01335,-0.0138,0.0
55.5,-130.0,-0.01338,-0.01378,0.0
55.75,-130.0,-0.01341,-0.01375,0.0
56.0,-130.0,-0.01341,-0.01371,0.0
56.25,-130.0,-0.0135,-0.01364,0.0
56.5,-130.0,-0.01354,-0.01358,0.0
56.75,-130.0,-0.01355,-0.01353,0.0
57.0,-130.0,-0.01348,-0.01351,0.0
57.25,-130.0,-0.01363,-0.01347,0.0
57.5,-130.0,-0.0137,-0.01347,0.0
57.75,-130.0,-0.01374,-0.01349,0.0
58.0,-130.0,-0.01374,-0.01364,0.0
58.25,-130.0,-0.0139,-0.01356,0.0
58.5,-130.0,-0.01404,-0.01364,0.0
58.75,-130.0,-0.01418,-0.0136,0.0
59.0,-130.0,-0.01438,-0.01385,0.0
59.25,-130.0,-0.01445,-0.01359,0.0
59.5,-130.0,-0.01458,-0.01356,0.0
59.75,-130.0,-0.01474,-0.01362,0.0
60.0,-130.0,-0.01501,-0.01387,0.0
60.25,-130.0,-0.01501,-0.01361,0.0
60.5,-130.0,-0.01511,-0.01352,0.0
60.75,-130.0,-0.01523,-0.01349,0.0
61.0,-130.0,-0.01543,-0.01355,0.0
61.25,-130.0,-0.0154,-0.01333,0.0
61.5,-130.0,-0.01543,-0.01318,0.0
61.75,-130.0,-0.01546,-0.01305,0.0
62.0,-130.0,-0.01549,-0.01295,0.0
62.25,-130.0,-0.01548,-0.01278,0.0
62.5,-130.0,-0.01545,-0.01263,0.0
62.75,-130.0,-0.01542,-0.01249,0.0
63.0,-130.0,-0.01535,-0.01233,0.0
63.25,-130.0,-0.01536,-0.01224,0.0
63.5,-130.0,-0.01534,-0.01213,0.0
63.75,-130.0,-0.01537,-0.01492,0.0
64.0,-130.0,-0.01533,-0.01488,0.0
