nodeLatitude,nodeLongitude,velocityEast,velocityNorth,velocityUp
56.5,-150.0,0.03734,-0.03119,0.0
56.75,-150.0,0.035,-0.03056,0.0
57.0,-150.0,0.03299,-0.02989,0.0
57.25,-150.0,0.03131,-0.02907,0.0
57.5,-150.0,0.02986,-0.02819,0.0
57.75,-150.0,0.0285,-0.02734,0.0
58.0,-150.0,0.02714,-0.02652,0.0
58.25,-150.0,0.02571,-0.02571,0.0
58.5,-150.0,0.02419,-0.02489,0.0
58.75,-150.0,0.02256,-0.02403,0.0
59.0,-150.0,0.02071,-0.02304,0.0
59.25,-150.0,0.01828,-0.02175,0.0
59.5,-150.0,0.01393,-0.0198,0.0
59.75,-150.0,0.00443,-0.01699,0.0
60.0,-150.0,0.00536,-0.01937,0.0
60.25,-150.0,0.0016,-0.02016,0.0
60.5,-150.0,-0.00516,-0.01595,0.0
60.75,-150.0,-0.00951,-0.01637,0.0
61.0,-150.0,-0.01542,-0.01426,0.0
61.25,-150.0,-0.01776,-0.01197,0.0
61.5,-150.0,-0.01717,-0.01214,0.0
61.75,-150.0,-0.02147,-0.01189,0.0
62.0,-150.0,-0.02311,-0.01162,0.0
62.25,-150.0,-0.02296,-0.01212,0.0
62.5,-150.0,-0.02348,-0.01208,0.0
62.75,-150.0,-0.02457,-0.01153,0.0
63.0,-150.0,-0.0262,-0.01069,0.0
56.5,-149.75,0.03757,-0.03136,0.0
56.75,-149.75,0.03523,-0.03073,0.0
57.0,-149.75,0.03321,-0.03008,0.0
57.25,-149.75,0.03155,-0.02925,0.0
57.5,-149.75,0.03011,-0.02836,0.0
57.75,-149.75,0.02876,-0.02751,0.0
58.0,-149.75,0.0274,-0.02669,0.0
58.25,-149.75,0.02597,-0.02589,0.0
58.5,-149.75,0.02446,-0.02507,0.0
58.75,-149.75,0.02284,-0.02422,0.0
59.0,-149.75,0.02101,-0.02324,0.0
59.25,-149.75,0.01867,-0.02199,0.0
59.5,-149.75,0.01487,-0.02021,0.0
59.75,-149.75,0.00834,-0.01607,0.0
60.0,-149.75,0.00642,-0.01984,0.0
60.25,-149.75,0.00234,-0.02053,0.0
60.5,-149.75,-0.006,-0.01692,0.0
60.75,-149.75,-0.00887,-0.01675,0.0
61.0,-149.75,-0.01506,-0.01516,0.0
61.25,-149.75,-0.01505,-0.0117,0.0
61.5,-149.75,-0.01842,-0.01273,0.0
61.75,-149.75,-0.02176,-0.01234,0.0
62.0,-149.75,-0.02294,-0.01176,0.0
62.25,-149.75,-0.02259,-0.01241,0.0
62.5,-149.75,-0.02317,-0.01234,0.0
62.75,-149.75,-0.02429,-0.01176,0.0
63.0,-149.75,-0.02569,-0.01079,0.0
56.5,-149.5,0.03775,-0.0315,0.0
56.75,-149.5,0.0354,-0.03089,0.0
57.0,-149.5,0.03337,-0.03029,0.0
57.25,-149.5,0.03175,-0.02942,0.0
57.5,-149.5,0.03035,-0.02852,0.0
57.75,-149.5,0.02902,-0.02768,0.0
58.0,-149.5,0.02768,-0.02687,0.0
58.25,-149.5,0.02626,-0.02607,0.0
58.5,-149.5,0.02476,-0.02527,0.0
58.75,-149.5,0.02316,-0.02443,0.0
59.0,-149.5,0.02141,-0.02348,0.0
59.25,-149.5,0.01928,-0.02232,0.0
59.5,-149.5,0.01627,-0.02074,0.0
59.75,-149.5,0.01226,-0.01711,0.0
60.0,-149.5,0.01114,-0.01934,0.0
60.25,-149.5,0.00381,-0.0208,0.0
60.5,-149.5,-0.00198,-0.01735,0.0
60.75,-149.5,-0.00735,-0.01723,0.0
61.0,-149.5,-0.01382,-0.01574,0.0
61.25,-149.5,-0.01803,-0.01465,0.0
61.5,-149.5,-0.01979,-0.01379,0.0
61.75,-149.5,-0.0219,-0.01307,0.0
62.0,-149.5,-0.0226,-0.01204,0.0
62.25,-149.5,-0.02201,-0.01286,0.0
62.5,-149.5,-0.02276,-0.0127,0.0
62.75,-149.5,-0.024,-0.01207,0.0
63.0,-149.5,-0.02523,-0.01098,0.0
56.5,-149.25,0.03789,-0.03162,0.0
56.75,-149.25,0.03553,-0.03104,0.0
57.0,-149.25,0.03346,-0.03058,0.0
57.25,-149.25,0.03192,-0.02958,0.0
57.5,-149.25,0.03058,-0.02867,0.0
57.75,-149.25,0.02929,-0.02784,0.0
58.0,-149.25,0.02798,-0.02704,0.0
58.25,-149.25,0.02657,-0.02626,0.0
58.5,-149.25,0.02508,-0.02546,0.0
58.75,-149.25,0.02351,-0.02465,0.0
59.0,-149.25,0.02186,-0.02376,0.0
59.25,-149.25,0.02002,-0.02273,0.0
59.5,-149.25,0.01781,-0.02147,0.0
59.75,-149.25,0.0161,-0.02027,0.0
60.0,-149.25,0.01439,-0.0213,0.0
60.25,-149.25,0.00655,-0.02152,0.0
60.5,-149.25,0.00332,-0.01885,0.0
60.75,-149.25,-0.00436,-0.01713,0.0
61.0,-149.25,-0.00712,-0.01958,0.0
61.25,-149.25,-0.01382,-0.01616,0.0
61.5,-149.25,-0.01584,-0.01484,0.0
61.75,-149.25,-0.02498,-0.01229,0.0
62.0,-149.25,-0.02119,-0.01308,0.0
62.25,-149.25,-0.02122,-0.01347,0.0
62.5,-149.25,-0.02226,-0.01316,0.0
62.75,-149.25,-0.02371,-0.01245,0.0
63.0,-149.25,-0.02554,-0.0116,0.0
56.5,-149.0,0.038,-0.03171,0.0
56.75,-149.0,0.03563,-0.03114,0.0
57.0,-149.0,0.03338,-0.03113,0.0
57.25,-149.0,0.03208,-0.0297,0.0
57.5,-149.0,0.0308,-0.0288,0.0
57.75,-149.0,0.02957,-0.02799,0.0
58.0,-149.0,0.02829,-0.02722,0.0
58.25,-149.0,0.0269,-0.02644,0.0
58.5,-149.0,0.02542,-0.02566,0.0
58.75,-149.0,0.02388,-0.02488,0.0
59.0,-149.0,0.02235,-0.02406,0.0
59.25,-149.0,0.02084,-0.02319,0.0
59.5,-149.0,0.01942,-0.02235,0.0
59.75,-149.0,0.01859,-0.02206,0.0
60.0,-149.0,0.0167,-0.02288,0.0
60.25,-149.0,0.01131,-0.02254,0.0
60.5,-149.0,0.00706,-0.02052,0.0
60.75,-149.0,0.00018,-0.01849,0.0
61.0,-149.0,-0.00422,-0.02011,0.0
61.25,-149.0,-0.01026,-0.0173,0.0
61.5,-149.0,-0.01709,-0.01406,0.0
61.75,-149.0,-0.01986,-0.01487,0.0
62.0,-149.0,-0.01932,-0.01426,0.0
62.25,-149.0,-0.02026,-0.01421,0.0
62.5,-149.0,-0.02169,-0.01368,0.0
62.75,-149.0,-0.02339,-0.01288,0.0
63.0,-149.0,-0.02548,-0.01208,0.0
56.5,-148.75,0.03808,-0.03176,0.0
56.75,-148.75,0.03571,-0.03119,0.0
57.0,-148.75,0.03364,-0.03075,0.0
57.25,-148.75,0.03222,-0.02978,0.0
57.5,-148.75,0.03102,-0.02892,0.0
57.75,-148.75,0.02987,-0.02814,0.0
58.0,-148.75,0.02864,-0.02739,0.0
58.25,-148.75,0.02726,-0.02663,0.0
58.5,-148.75,0.02577,-0.02587,0.0
58.75,-148.75,0.02426,-0.02511,0.0
59.0,-148.75,0.02283,-0.02437,0.0
59.25,-148.75,0.02165,-0.02368,0.0
59.5,-148.75,0.02098,-0.02324,0.0
59.75,-148.75,0.02098,-0.02348,0.0
60.0,-148.75,0.01949,-0.02415,0.0
60.25,-148.75,0.01542,-0.02377,0.0
60.5,-148.75,0.01128,-0.02215,0.0
60.75,-148.75,0.00584,-0.02042,0.0
61.0,-148.75,-0.00066,-0.0206,0.0
61.25,-148.75,-0.00684,-0.01834,0.0
61.5,-148.75,-0.01265,-0.01602,0.0
61.75,-148.75,-0.01545,-0.01536,0.0
62.0,-148.75,-0.01726,-0.0154,0.0
62.25,-148.75,-0.01921,-0.01504,0.0
62.5,-148.75,-0.02109,-0.01424,0.0
62.75,-148.75,-0.02305,-0.01331,0.0
63.0,-148.75,-0.02528,-0.0125,0.0
56.5,-148.5,0.03814,-0.03178,0.0
56.75,-148.5,0.03576,-0.03119,0.0
57.0,-148.5,0.03371,-0.03064,0.0
57.25,-148.5,0.03235,-0.02982,0.0
57.5,-148.5,0.03125,-0.02902,0.0
57.75,-148.5,0.03018,-0.02828,0.0
58.0,-148.5,0.029,-0.02756,0.0
58.25,-148.5,0.02764,-0.02682,0.0
58.5,-148.5,0.02614,-0.02607,0.0
58.75,-148.5,0.02463,-0.02534,0.0
59.0,-148.5,0.02328,-0.02468,0.0
59.25,-148.5,0.02238,-0.02415,0.0
59.5,-148.5,0.02241,-0.02406,0.0
59.75,-148.5,0.02356,-0.02482,0.0
60.0,-148.5,0.0227,-0.02555,0.0
60.25,-148.5,0.01927,-0.02518,0.0
60.5,-148.5,0.0158,-0.02388,0.0
60.75,-148.5,0.0109,-0.02181,0.0
61.0,-148.5,0.00315,-0.02191,0.0
61.25,-148.5,-0.0034,-0.01937,0.0
61.5,-148.5,-0.00919,-0.01707,0.0
61.75,-148.5,-0.01121,-0.01497,0.0
62.0,-148.5,-0.01526,-0.01652,0.0
62.25,-148.5,-0.01815,-0.01592,0.0
62.5,-148.5,-0.02048,-0.0148,0.0
62.75,-148.5,-0.02268,-0.01372,0.0
63.0,-148.5,-0.02502,-0.01289,0.0
56.5,-148.25,0.03817,-0.03177,0.0
56.75,-148.25,0.03578,-0.03117,0.0
57.0,-148.25,0.03365,-0.03061,0.0
57.25,-148.25,0.03246,-0.02984,0.0
57.5,-148.25,0.03147,-0.0291,0.0
57.75,-148.25,0.03051,-0.02841,0.0
58.0,-148.25,0.02941,-0.02773,0.0
58.25,-148.25,0.02804,-0.027,0.0
58.5,-148.25,0.0265,-0.02626,0.0
58.75,-148.25,0.02498,-0.02557,0.0
59.0,-148.25,0.02367,-0.02497,0.0
59.25,-148.25,0.02295,-0.02458,0.0
59.5,-148.25,0.02359,-0.02477,0.0
59.75,-148.25,0.02653,-0.0262,0.0
60.0,-148.25,0.02627,-0.02712,0.0
60.25,-148.25,0.02278,-0.02661,0.0
60.5,-148.25,0.02039,-0.02594,0.0
60.75,-148.25,0.01557,-0.02411,0.0
61.0,-148.25,0.00658,-0.02384,0.0
61.25,-148.25,1e-05,-0.02027,0.0
61.5,-148.25,-0.00636,-0.01782,0.0
61.75,-148.25,-0.00869,-0.01722,0.0
62.0,-148.25,-0.01365,-0.01754,0.0
62.25,-148.25,-0.01718,-0.01686,0.0
62.5,-148.25,-0.01989,-0.01532,0.0
62.75,-148.25,-0.0223,-0.01409,0.0
63.0,-148.25,-0.02472,-0.01322,0.0
56.5,-148.0,0.03819,-0.03174,0.0
56.75,-148.0,0.03579,-0.03112,0.0
57.0,-148.0,0.03326,-0.03066,0.0
57.25,-148.0,0.03256,-0.02984,0.0
57.5,-148.0,0.03169,-0.02916,0.0
57.75,-148.0,0.03086,-0.02854,0.0
58.0,-148.0,0.02984,-0.0279,0.0
58.25,-148.0,0.02846,-0.02718,0.0
58.5,-148.0,0.02687,-0.02645,0.0
58.75,-148.0,0.02531,-0.02577,0.0
59.0,-148.0,0.02397,-0.02522,0.0
59.25,-148.0,0.02331,-0.02493,0.0
59.5,-148.0,0.02433,-0.0253,0.0
59.75,-148.0,0.03013,-0.02762,0.0
60.0,-148.0,0.02955,-0.02853,0.0
60.25,-148.0,0.02483,-0.02756,0.0
60.5,-148.0,0.02312,-0.02747,0.0
60.75,-148.0,0.02004,-0.02699,0.0
61.0,-148.0,0.01007,-0.02605,0.0
61.25,-148.0,0.00337,-0.02072,0.0
61.5,-148.0,-0.00416,-0.01844,0.0
61.75,-148.0,-0.00826,-0.01525,0.0
62.0,-148.0,-0.01252,-0.01881,0.0
62.25,-148.0,-0.01634,-0.01781,0.0
62.5,-148.0,-0.01936,-0.01575,0.0
62.75,-148.0,-0.02193,-0.01439,0.0
63.0,-148.0,-0.0244,-0.01349,0.0
56.5,-147.75,0.0382,-0.03168,0.0
56.75,-147.75,0.0358,-0.03106,0.0
57.0,-147.75,0.0337,-0.0305,0.0
57.25,-147.75,0.03267,-0.02983,0.0
57.5,-147.75,0.03192,-0.02921,0.0
57.75,-147.75,0.03123,-0.02866,0.0
58.0,-147.75,0.03033,-0.02808,0.0
58.25,-147.75,0.0289,-0.02736,0.0
58.5,-147.75,0.02724,-0.02662,0.0
58.75,-147.75,0.0256,-0.02596,0.0
59.0,-147.75,0.02417,-0.02544,0.0
59.25,-147.75,0.02342,-0.02519,0.0
59.5,-147.75,0.02445,-0.0256,0.0
59.75,-147.75,0.03014,-0.02754,0.0
60.0,-147.75,0.02926,-0.02816,0.0
60.25,-147.75,0.02467,-0.02765,0.0
60.5,-147.75,0.02239,-0.02734,0.0
60.75,-147.75,0.01946,-0.02687,0.0
61.0,-147.75,0.01201,-0.02586,0.0
61.25,-147.75,0.00748,-0.02195,0.0
61.5,-147.75,-0.0027,-0.019,0.0
61.75,-147.75,-0.00765,-0.01715,0.0
62.0,-147.75,-0.01164,-0.02096,0.0
62.25,-147.75,-0.01567,-0.01855,0.0
62.5,-147.75,-0.0189,-0.01603,0.0
62.75,-147.75,-0.02158,-0.0146,0.0
63.0,-147.75,-0.02407,-0.0137,0.0
56.5,-147.5,0.0382,-0.03161,0.0
56.75,-147.5,0.0358,-0.03098,0.0
57.0,-147.5,0.03379,-0.03039,0.0
57.25,-147.5,0.03277,-0.0298,0.0
57.5,-147.5,0.03213,-0.02925,0.0
57.75,-147.5,0.03161,-0.02877,0.0
58.0,-147.5,0.0309,-0.02829,0.0
58.25,-147.5,0.02935,-0.02753,0.0
58.5,-147.5,0.0276,-0.02678,0.0
58.75,-147.5,0.02587,-0.02613,0.0
59.0,-147.5,0.02428,-0.02561,0.0
59.25,-147.5,0.02327,-0.02536,0.0
59.5,-147.5,0.02392,-0.0257,0.0
59.75,-147.5,0.02758,-0.02684,0.0
60.0,-147.5,0.02722,-0.02749,0.0
60.25,-147.5,0.02344,-0.02735,0.0
60.5,-147.5,0.02191,-0.02852,0.0
60.75,-147.5,0.01922,-0.02652,0.0
61.0,-147.5,0.01124,-0.02519,0.0
61.25,-147.5,0.00527,-0.02195,0.0
61.5,-147.5,-0.00199,-0.0194,0.0
61.75,-147.5,-0.00711,-0.01815,0.0
62.0,-147.5,-0.01117,-0.02072,0.0
62.25,-147.5,-0.0152,-0.01859,0.0
62.5,-147.5,-0.01854,-0.01614,0.0
62.75,-147.5,-0.02125,-0.01473,0.0
63.0,-147.5,-0.02375,-0.01383,0.0
56.5,-147.25,0.03819,-0.03153,0.0
56.75,-147.25,0.03578,-0.0309,0.0
57.0,-147.25,0.03368,-0.0303,0.0
57.25,-147.25,0.03284,-0.02976,0.0
57.5,-147.25,0.03232,-0.02927,0.0
57.75,-147.25,0.03196,-0.02887,0.0
58.0,-147.25,0.03166,-0.02856,0.0
58.25,-147.25,0.0298,-0.02769,0.0
58.5,-147.25,0.02795,-0.02692,0.0
58.75,-147.25,0.02612,-0.02627,0.0
59.0,-147.25,0.0243,-0.02574,0.0
59.25,-147.25,0.02286,-0.02545,0.0
59.5,-147.25,0.02288,-0.02564,0.0
59.75,-147.25,0.02479,-0.02637,0.0
60.0,-147.25,0.02446,-0.02692,0.0
60.25,-147.25,0.02155,-0.0267,0.0
60.5,-147.25,0.01995,-0.02797,0.0
60.75,-147.25,0.01783,-0.0258,0.0
61.0,-147.25,0.01018,-0.02473,0.0
61.25,-147.25,0.00394,-0.0219,0.0
61.5,-147.25,-0.0018,-0.01962,0.0
61.75,-147.25,-0.00673,-0.0185,0.0
62.0,-147.25,-0.01094,-0.01931,0.0
62.25,-147.25,-0.01491,-0.01805,0.0
62.5,-147.25,-0.01828,-0.01608,0.0
62.75,-147.25,-0.02096,-0.01476,0.0
63.0,-147.25,-0.02343,-0.01389,0.0
56.5,-147.0,0.03817,-0.03144,0.0
56.75,-147.0,0.03576,-0.0308,0.0
57.0,-147.0,0.03313,-0.03018,0.0
57.25,-147.0,0.0329,-0.02971,0.0
57.5,-147.0,0.03248,-0.02927,0.0
57.75,-147.0,0.03225,-0.02892,0.0
58.0,-147.0,0.03311,-0.02912,0.0
58.25,-147.0,0.03019,-0.02781,0.0
58.5,-147.0,0.0283,-0.02704,0.0
58.75,-147.0,0.02638,-0.02639,0.0
59.0,-147.0,0.0243,-0.02585,0.0
59.25,-147.0,0.02225,-0.02546,0.0
59.5,-147.0,0.02145,-0.02548,0.0
59.75,-147.0,0.02235,-0.02597,0.0
60.0,-147.0,0.02135,-0.02626,0.0
60.25,-147.0,0.01865,-0.02536,0.0
60.5,-147.0,0.0166,-0.02605,0.0
60.75,-147.0,0.01491,-0.0245,0.0
61.0,-147.0,0.00866,-0.02388,0.0
61.25,-147.0,0.00271,-0.02166,0.0
61.5,-147.0,-0.00187,-0.01963,0.0
61.75,-147.0,-0.00648,-0.01849,0.0
62.0,-147.0,-0.01074,-0.01837,0.0
62.25,-147.0,-0.01476,-0.0174,0.0
62.5,-147.0,-0.01814,-0.01589,0.0
62.75,-147.0,-0.0207,-0.01471,0.0
63.0,-147.0,-0.02309,-0.01388,0.0
56.5,-146.75,0.03815,-0.03134,0.0
56.75,-146.75,0.03575,-0.03071,0.0
57.0,-146.75,0.03368,-0.03012,0.0
57.25,-146.75,0.03296,-0.02964,0.0
57.5,-146.75,0.03261,-0.02924,0.0
57.75,-146.75,0.03244,-0.02893,0.0
58.0,-146.75,0.03231,-0.0287,0.0
58.25,-146.75,0.03049,-0.02787,0.0
58.5,-146.75,0.02864,-0.02714,0.0
58.75,-146.75,0.02667,-0.0265,0.0
59.0,-146.75,0.02434,-0.02593,0.0
59.25,-146.75,0.02149,-0.02541,0.0
59.5,-146.75,0.01965,-0.02522,0.0
59.75,-146.75,0.02029,-0.02562,0.0
60.0,-146.75,0.01841,-0.02561,0.0
60.25,-146.75,0.01002,-0.02425,0.0
60.5,-146.75,0.01349,-0.02461,0.0
60.75,-146.75,0.01027,-0.02373,0.0
61.0,-146.75,0.0057,-0.02379,0.0
61.25,-146.75,0.00146,-0.02108,0.0
61.5,-146.75,-0.002,-0.01949,0.0
61.75,-146.75,-0.00634,-0.01828,0.0
62.0,-146.75,-0.0106,-0.01767,0.0
62.25,-146.75,-0.01473,-0.01679,0.0
62.5,-146.75,-0.01811,-0.01562,0.0
62.75,-146.75,-0.02047,-0.01461,0.0
63.0,-146.75,-0.02274,-0.01382,0.0
56.5,-146.5,0.03813,-0.03124,0.0
56.75,-146.5,0.03573,-0.0306,0.0
57.0,-146.5,0.03378,-0.03002,0.0
57.25,-146.5,0.03301,-0.02957,0.0
57.5,-146.5,0.0327,-0.0292,0.0
57.75,-146.5,0.03256,-0.0289,0.0
58.0,-146.5,0.03221,-0.02857,0.0
58.25,-146.5,0.03074,-0.0279,0.0
58.5,-146.5,0.02899,-0.02721,0.0
58.75,-146.5,0.02703,-0.0266,0.0
59.0,-146.5,0.0245,-0.02601,0.0
59.25,-146.5,0.02081,-0.02536,0.0
59.5,-146.5,0.01731,-0.02485,0.0
59.75,-146.5,0.0187,-0.02534,0.0
60.0,-146.5,0.01646,-0.02515,0.0
60.25,-146.5,0.00953,-0.02401,0.0
60.5,-146.5,0.01107,-0.02347,0.0
60.75,-146.5,0.00914,-0.02263,0.0
61.0,-146.5,0.00471,-0.02286,0.0
61.25,-146.5,0.0005,-0.01993,0.0
61.5,-146.5,-0.00207,-0.01927,0.0
61.75,-146.5,-0.00626,-0.01795,0.0
62.0,-146.5,-0.01049,-0.01704,0.0
62.25,-146.5,-0.0148,-0.01622,0.0
62.5,-146.5,-0.01823,-0.01531,0.0
62.75,-146.5,-0.02024,-0.01447,0.0
63.0,-146.5,-0.02232,-0.01373,0.0
56.5,-146.25,0.0381,-0.03114,0.0
56.75,-146.25,0.0357,-0.0305,0.0
57.0,-146.25,0.03363,-0.0299,0.0
57.25,-146.25,0.03302,-0.02949,0.0
57.5,-146.25,0.03277,-0.02914,0.0
57.75,-146.25,0.03265,-0.02884,0.0
58.0,-146.25,0.03239,-0.02855,0.0
58.25,-146.25,0.03098,-0.02791,0.0
58.5,-146.25,0.02936,-0.02727,0.0
58.75,-146.25,0.02749,-0.02669,0.0
59.0,-146.25,0.02486,-0.02611,0.0
59.25,-146.25,0.02073,-0.0254,0.0
59.5,-146.25,0.0162,-0.0247,0.0
59.75,-146.25,0.01766,-0.02517,0.0
60.0,-146.25,0.01547,-0.02488,0.0
60.25,-146.25,0.01146,-0.02407,0.0
60.5,-146.25,0.01035,-0.02293,0.0
60.75,-146.25,0.00965,-0.02157,0.0
61.0,-146.25,0.00561,-0.02207,0.0
61.25,-146.25,0.00075,-0.0194,0.0
61.5,-146.25,-0.00199,-0.01906,0.0
61.75,-146.25,-0.00624,-0.01754,0.0
62.0,-146.25,-0.01039,-0.01643,0.0
62.25,-146.25,-0.01497,-0.01568,0.0
62.5,-146.25,-0.01856,-0.01498,0.0
62.75,-146.25,-0.02,-0.01432,0.0
63.0,-146.25,-0.02182,-0.01361,0.0
56.5,-146.0,0.03807,-0.03103,0.0
56.75,-146.0,0.03566,-0.03039,0.0
57.0,-146.0,0.03299,-0.02971,0.0
57.25,-146.0,0.03303,-0.0294,0.0
57.5,-146.0,0.03281,-0.02907,0.0
57.75,-146.0,0.03271,-0.02878,0.0
58.0,-146.0,0.03297,-0.02864,0.0
58.25,-146.0,0.0312,-0.02791,0.0
58.5,-146.0,0.02975,-0.02732,0.0
58.75,-146.0,0.02805,-0.02678,0.0
59.0,-146.0,0.02549,-0.02622,0.0
59.25,-146.0,0.02144,-0.02556,0.0
59.5,-146.0,0.01775,-0.02505,0.0
59.75,-146.0,0.01713,-0.0251,0.0
60.0,-146.0,0.01502,-0.02474,0.0
60.25,-146.0,0.01236,-0.02406,0.0
60.5,-146.0,0.01187,-0.02322,0.0
60.75,-146.0,0.0104,-0.02151,0.0
61.0,-146.0,0.00733,-0.0224,0.0
61.25,-146.0,0.00248,-0.02037,0.0
61.5,-146.0,-0.00179,-0.01891,0.0
61.75,-146.0,-0.00627,-0.01707,0.0
62.0,-146.0,-0.01034,-0.01578,0.0
62.25,-146.0,-0.01527,-0.01515,0.0
62.5,-146.0,-0.01928,-0.01464,0.0
62.75,-146.0,-0.01965,-0.01418,0.0
63.0,-146.0,-0.02116,-0.01347,0.0
56.5,-145.75,0.03804,-0.03092,0.0
56.75,-145.75,0.03564,-0.03028,0.0
57.0,-145.75,0.03359,-0.02969,0.0
57.25,-145.75,0.03304,-0.0293,0.0
57.5,-145.75,0.03283,-0.02898,0.0
57.75,-145.75,0.03273,-0.0287,0.0
58.0,-145.75,0.03254,-0.02842,0.0
58.25,-145.75,0.0314,-0.02788,0.0
58.5,-145.75,0.03016,-0.02736,0.0
58.75,-145.75,0.02872,-0.02687,0.0
59.0,-145.75,0.02638,-0.02636,0.0
59.25,-145.75,0.02246,-0.02577,0.0
59.5,-145.75,0.01887,-0.02532,0.0
59.75,-145.75,0.01693,-0.02511,0.0
60.0,-145.75,0.01479,-0.0247,0.0
60.25,-145.75,0.01294,-0.0241,0.0
60.5,-145.75,0.01373,-0.02383,0.0
60.75,-145.75,0.01155,-0.02301,0.0
61.0,-145.75,0.00929,-0.02339,0.0
61.25,-145.75,0.00403,-0.02136,0.0
61.5,-145.75,-0.00158,-0.01879,0.0
61.75,-145.75,-0.00639,-0.01651,0.0
62.0,-145.75,-0.01055,-0.01508,0.0
62.25,-145.75,-0.0157,-0.01465,0.0
62.5,-145.75,-0.02104,-0.01423,0.0
62.75,-145.75,-0.01903,-0.01412,0.0
63.0,-145.75,-0.02021,-0.01328,0.0
56.5,-145.5,0.03801,-0.03081,0.0
56.75,-145.5,0.03562,-0.03017,0.0
57.0,-145.5,0.0337,-0.0296,0.0
57.25,-145.5,0.03304,-0.02921,0.0
57.5,-145.5,0.03284,-0.02889,0.0
57.75,-145.5,0.03274,-0.0286,0.0
58.0,-145.5,0.03247,-0.0283,0.0
58.25,-145.5,0.03159,-0.02785,0.0
58.5,-145.5,0.03057,-0.02739,0.0
58.75,-145.5,0.02946,-0.02695,0.0
59.0,-145.5,0.02758,-0.02652,0.0
59.25,-145.5,0.02352,-0.02598,0.0
59.5,-145.5,0.01967,-0.02554,0.0
59.75,-145.5,0.01688,-0.02519,0.0
60.0,-145.5,0.01461,-0.02474,0.0
60.25,-145.5,0.01333,-0.02424,0.0
60.5,-145.5,0.01122,-0.02184,0.0
60.75,-145.5,0.01387,-0.02547,0.0
61.0,-145.5,0.01109,-0.02453,0.0
61.25,-145.5,0.00468,-0.02198,0.0
61.5,-145.5,-0.00144,-0.01865,0.0
61.75,-145.5,-0.0066,-0.01587,0.0
62.0,-145.5,-0.0107,-0.01427,0.0
62.25,-145.5,-0.01596,-0.01422,0.0
62.5,-145.5,-0.0267,-0.01346,0.0
62.75,-145.5,-0.0182,-0.01413,0.0
63.0,-145.5,-0.01871,-0.01298,0.0
56.5,-145.25,0.03798,-0.0307,0.0
56.75,-145.25,0.03558,-0.03005,0.0
57.0,-145.25,0.03353,-0.02946,0.0
57.25,-145.25,0.03301,-0.0291,0.0
57.5,-145.25,0.03283,-0.02879,0.0
57.75,-145.25,0.03274,-0.02851,0.0
58.0,-145.25,0.03254,-0.02821,0.0
58.25,-145.25,0.03176,-0.02781,0.0
58.5,-145.25,0.03095,-0.0274,0.0
58.75,-145.25,0.03021,-0.02703,0.0
59.0,-145.25,0.02932,-0.02673,0.0
59.25,-145.25,0.02452,-0.02618,0.0
59.5,-145.25,0.02029,-0.02575,0.0
59.75,-145.25,0.01687,-0.02532,0.0
60.0,-145.25,0.01435,-0.02483,0.0
60.25,-145.25,0.01369,-0.02452,0.0
60.5,-145.25,0.01353,-0.02454,0.0
60.75,-145.25,0.0146,-0.02662,0.0
61.0,-145.25,0.01397,-0.02616,0.0
61.25,-145.25,0.00541,-0.02202,0.0
61.5,-145.25,-0.00144,-0.01845,0.0
61.75,-145.25,-0.0069,-0.01535,0.0
62.0,-145.25,-0.01102,-0.01361,0.0
62.25,-145.25,-0.01574,-0.01406,0.0
62.5,-145.25,-0.02059,-0.01399,0.0
62.75,-145.25,-0.01826,-0.01409,0.0
63.0,-145.25,-0.01875,-0.01318,0.0
56.5,-145.0,0.03794,-0.03058,0.0
56.75,-145.0,0.03554,-0.02994,0.0
57.0,-145.0,0.03284,-0.02924,0.0
57.25,-145.0,0.03298,-0.02899,0.0
57.5,-145.0,0.03282,-0.02869,0.0
57.75,-145.0,0.03273,-0.02841,0.0
58.0,-145.0,0.03281,-0.02817,0.0
58.25,-145.0,0.03191,-0.02777,0.0
58.5,-145.0,0.03128,-0.02741,0.0
58.75,-145.0,0.03083,-0.02708,0.0
59.0,-145.0,0.0328,-0.02708,0.0
59.25,-145.0,0.02535,-0.02636,0.0
59.5,-145.0,0.0208,-0.02597,0.0
59.75,-145.0,0.01683,-0.02551,0.0
60.0,-145.0,0.0138,-0.02493,0.0
60.25,-145.0,0.01403,-0.02486,0.0
60.5,-145.0,0.01506,-0.02631,0.0
60.75,-145.0,0.01475,-0.02735,0.0
61.0,-145.0,0.01334,-0.02622,0.0
61.25,-145.0,0.00595,-0.02197,0.0
61.5,-145.0,-0.00161,-0.01819,0.0
61.75,-145.0,-0.00728,-0.0152,0.0
62.0,-145.0,-0.01119,-0.01384,0.0
62.25,-145.0,-0.01521,-0.01411,0.0
62.5,-145.0,-0.01834,-0.01417,0.0
62.75,-145.0,-0.01814,-0.01416,0.0
63.0,-145.0,-0.0192,-0.01358,0.0
56.5,-144.75,0.03791,-0.03047,0.0
56.75,-144.75,0.03551,-0.02983,0.0
57.0,-144.75,0.03346,-0.02924,0.0
57.25,-144.75,0.03297,-0.02889,0.0
57.5,-144.75,0.0328,-0.02859,0.0
57.75,-144.75,0.03272,-0.02831,0.0
58.0,-144.75,0.03259,-0.02804,0.0
58.25,-144.75,0.03203,-0.02773,0.0
58.5,-144.75,0.03155,-0.02741,0.0
58.75,-144.75,0.03123,-0.02711,0.0
59.0,-144.75,0.03074,-0.0269,0.0
59.25,-144.75,0.02592,-0.02652,0.0
59.5,-144.75,0.02124,-0.0262,0.0
59.75,-144.75,0.01677,-0.02576,0.0
60.0,-144.75,0.01257,-0.02488,0.0
60.25,-144.75,0.01434,-0.02536,0.0
60.5,-144.75,0.01649,-0.02786,0.0
60.75,-144.75,0.01532,-0.02839,0.0
61.0,-144.75,0.01181,-0.02611,0.0
61.25,-144.75,0.00637,-0.02182,0.0
61.5,-144.75,-0.00197,-0.01786,0.0
61.75,-144.75,-0.00779,-0.01512,0.0
62.0,-144.75,-0.01116,-0.01419,0.0
62.25,-144.75,-0.01462,-0.01421,0.0
62.5,-144.75,-0.01709,-0.01431,0.0
62.75,-144.75,-0.01773,-0.01434,0.0
63.0,-144.75,-0.01912,-0.01394,0.0
56.5,-144.5,0.03787,-0.03036,0.0
56.75,-144.5,0.03548,-0.02971,0.0
57.0,-144.5,0.03357,-0.02914,0.0
57.25,-144.5,0.03295,-0.02878,0.0
57.5,-144.5,0.03278,-0.02848,0.0
57.75,-144.5,0.03269,-0.0282,0.0
58.0,-144.5,0.03254,-0.02794,0.0
58.25,-144.5,0.03212,-0.02768,0.0
58.5,-144.5,0.03175,-0.02741,0.0
58.75,-144.5,0.03148,-0.02712,0.0
59.0,-144.5,0.03045,-0.02686,0.0
59.25,-144.5,0.02633,-0.02666,0.0
59.5,-144.5,0.02164,-0.02647,0.0
59.75,-144.5,0.01685,-0.02611,0.0
60.0,-144.5,0.00976,-0.02428,0.0
60.25,-144.5,0.01471,-0.02668,0.0
60.5,-144.5,0.01725,-0.02865,0.0
60.75,-144.5,0.01674,-0.02971,0.0
61.0,-144.5,0.0113,-0.02585,0.0
61.25,-144.5,0.00667,-0.02154,0.0
61.5,-144.5,-0.00229,-0.01755,0.0
61.75,-144.5,-0.00822,-0.01505,0.0
62.0,-144.5,-0.01102,-0.01445,0.0
62.25,-144.5,-0.01405,-0.01434,0.0
62.5,-144.5,-0.0162,-0.01444,0.0
62.75,-144.5,-0.01717,-0.01458,0.0
63.0,-144.5,-0.01872,-0.01433,0.0
56.5,-144.25,0.03784,-0.03024,0.0
56.75,-144.25,0.03544,-0.0296,0.0
57.0,-144.25,0.03339,-0.02901,0.0
57.25,-144.25,0.03291,-0.02866,0.0
57.5,-144.25,0.03275,-0.02837,0.0
57.75,-144.25,0.03267,-0.0281,0.0
58.0,-144.25,0.03255,-0.02783,0.0
58.25,-144.25,0.03218,-0.02764,0.0
58.5,-144.25,0.03189,-0.02742,0.0
58.75,-144.25,0.03167,-0.02713,0.0
59.0,-144.25,0.03092,-0.02681,0.0
59.25,-144.25,0.02667,-0.02681,0.0
59.5,-144.25,0.02203,-0.02676,0.0
59.75,-144.25,0.0173,-0.02656,0.0
60.0,-144.25,0.01134,-0.02559,0.0
60.25,-144.25,0.01521,-0.02884,0.0
60.5,-144.25,0.01772,-0.0301,0.0
60.75,-144.25,0.01739,-0.03028,0.0
61.0,-144.25,0.01254,-0.02432,0.0
61.25,-144.25,0.00707,-0.02118,0.0
61.5,-144.25,-0.00216,-0.01748,0.0
61.75,-144.25,-0.00791,-0.01528,0.0
62.0,-144.25,-0.01082,-0.01464,0.0
62.25,-144.25,-0.01354,-0.01445,0.0
62.5,-144.25,-0.0155,-0.01455,0.0
62.75,-144.25,-0.01655,-0.01484,0.0
63.0,-144.25,-0.01806,-0.01482,0.0
56.5,-144.0,0.0378,-0.03013,0.0
56.75,-144.0,0.03539,-0.02948,0.0
57.0,-144.0,0.03268,-0.02878,0.0
57.25,-144.0,0.03287,-0.02855,0.0
57.5,-144.0,0.03272,-0.02826,0.0
57.75,-144.0,0.03264,-0.02799,0.0
58.0,-144.0,0.03266,-0.02769,0.0
58.25,-144.0,0.03222,-0.02761,0.0
58.5,-144.0,0.03197,-0.02743,0.0
58.75,-144.0,0.03179,-0.02716,0.0
59.0,-144.0,0.03263,-0.0266,0.0
59.25,-144.0,0.02694,-0.02699,0.0
59.5,-144.0,0.02239,-0.02708,0.0
59.75,-144.0,0.01794,-0.02708,0.0
60.0,-144.0,0.01407,-0.02731,0.0
60.25,-144.0,0.01496,-0.03146,0.0
60.5,-144.0,0.01625,-0.03068,0.0
60.75,-144.0,0.01422,-0.02824,0.0
61.0,-144.0,0.01222,-0.02307,0.0
61.25,-144.0,0.0087,-0.02102,0.0
61.5,-144.0,-0.00218,-0.01739,0.0
61.75,-144.0,-0.00756,-0.0155,0.0
62.0,-144.0,-0.01059,-0.01479,0.0
62.25,-144.0,-0.0131,-0.01455,0.0
62.5,-144.0,-0.01495,-0.01461,0.0
62.75,-144.0,-0.01596,-0.01507,0.0
63.0,-144.0,-0.01722,-0.01538,0.0
56.5,-143.75,0.03776,-0.03002,0.0
56.75,-143.75,0.03536,-0.02937,0.0
57.0,-143.75,0.03331,-0.02878,0.0
57.25,-143.75,0.03284,-0.02844,0.0
57.5,-143.75,0.03269,-0.02815,0.0
57.75,-143.75,0.03261,-0.02789,0.0
58.0,-143.75,0.03252,-0.02767,0.0
58.25,-143.75,0.03222,-0.02759,0.0
58.5,-143.75,0.032,-0.02748,0.0
58.75,-143.75,0.03181,-0.02724,0.0
59.0,-143.75,0.03112,-0.02693,0.0
59.25,-143.75,0.0271,-0.0272,0.0
59.5,-143.75,0.02271,-0.02742,0.0
59.75,-143.75,0.01856,-0.02759,0.0
60.0,-143.75,0.01556,-0.0283,0.0
60.25,-143.75,0.01432,-0.03045,0.0
60.5,-143.75,0.01347,-0.03071,0.0
60.75,-143.75,0.01169,-0.02729,0.0
61.0,-143.75,0.00948,-0.02267,0.0
61.25,-143.75,0.00531,-0.01977,0.0
61.5,-143.75,-0.0027,-0.01712,0.0
61.75,-143.75,-0.00746,-0.0156,0.0
62.0,-143.75,-0.01037,-0.0149,0.0
62.25,-143.75,-0.01274,-0.01461,0.0
62.5,-143.75,-0.01454,-0.0146,0.0
62.75,-143.75,-0.01561,-0.01505,0.0
63.0,-143.75,-0.01683,-0.01545,0.0
56.5,-143.5,0.03773,-0.0299,0.0
56.75,-143.5,0.03533,-0.02926,0.0
57.0,-143.5,0.03342,-0.02869,0.0
57.25,-143.5,0.03281,-0.02833,0.0
57.5,-143.5,0.03266,-0.02805,0.0
57.75,-143.5,0.03258,-0.02779,0.0
58.0,-143.5,0.03246,-0.0276,0.0
58.25,-143.5,0.03221,-0.02759,0.0
58.5,-143.5,0.03199,-0.02756,0.0
58.75,-143.5,0.03177,-0.02735,0.0
59.0,-143.5,0.03078,-0.02706,0.0
59.25,-143.5,0.02721,-0.02745,0.0
59.5,-143.5,0.02298,-0.02777,0.0
59.75,-143.5,0.01903,-0.02804,0.0
60.0,-143.5,0.01661,-0.02894,0.0
60.25,-143.5,0.01318,-0.02952,0.0
60.5,-143.5,0.01011,-0.0304,0.0
60.75,-143.5,0.00925,-0.02675,0.0
61.0,-143.5,0.0071,-0.02186,0.0
61.25,-143.5,0.0035,-0.0186,0.0
61.5,-143.5,-0.00379,-0.0167,0.0
61.75,-143.5,-0.00757,-0.0156,0.0
62.0,-143.5,-0.0102,-0.01497,0.0
62.25,-143.5,-0.01244,-0.01463,0.0
62.5,-143.5,-0.01426,-0.01452,0.0
62.75,-143.5,-0.01559,-0.0147,0.0
63.0,-143.5,-0.01724,-0.0147,0.0
56.5,-143.25,0.03769,-0.02979,0.0
56.75,-143.25,0.03529,-0.02915,0.0
57.0,-143.25,0.03324,-0.02855,0.0
57.25,-143.25,0.03277,-0.02822,0.0
57.5,-143.25,0.03262,-0.02794,0.0
57.75,-143.25,0.03254,-0.02768,0.0
58.0,-143.25,0.03244,-0.02747,0.0
58.25,-143.25,0.03218,-0.0276,0.0
58.5,-143.25,0.03195,-0.02768,0.0
58.75,-143.25,0.03172,-0.02754,0.0
59.0,-143.25,0.03105,-0.02697,0.0
59.25,-143.25,0.0273,-0.02775,0.0
59.5,-143.25,0.02319,-0.02814,0.0
59.75,-143.25,0.01929,-0.02841,0.0
60.0,-143.25,0.01648,-0.02895,0.0
60.25,-143.25,0.01201,-0.02762,0.0
60.5,-143.25,0.00646,-0.02986,0.0
60.75,-143.25,0.00705,-0.02617,0.0
61.0,-143.25,0.00489,-0.021,0.0
61.25,-143.25,0.00174,-0.01768,0.0
61.5,-143.25,-0.00552,-0.01613,0.0
61.75,-143.25,-0.00778,-0.01556,0.0
62.0,-143.25,-0.01005,-0.01502,0.0
62.25,-143.25,-0.01221,-0.01462,0.0
62.5,-143.25,-0.01408,-0.01436,0.0
62.75,-143.25,-0.01569,-0.01424,0.0
63.0,-143.25,-0.01766,-0.01392,0.0
56.5,-143.0,0.03766,-0.02969,0.0
56.75,-143.0,0.03524,-0.02904,0.0
57.0,-143.0,0.03251,-0.02831,0.0
57.25,-143.0,0.03272,-0.02811,0.0
57.5,-143.0,0.03259,-0.02784,0.0
57.75,-143.0,0.03251,-0.02758,0.0
58.0,-143.0,0.03248,-0.02722,0.0
58.25,-143.0,0.03213,-0.02763,0.0
58.5,-143.0,0.03187,-0.02785,0.0
58.75,-143.0,0.03161,-0.02784,0.0
59.0,-143.0,0.03246,-0.02613,0.0
59.25,-143.0,0.02733,-0.02817,0.0
59.5,-143.0,0.02334,-0.02854,0.0
59.75,-143.0,0.01938,-0.02873,0.0
60.0,-143.0,0.0158,-0.02879,0.0
60.25,-143.0,0.01114,-0.02769,0.0
60.5,-143.0,0.0051,-0.02853,0.0
60.75,-143.0,0.00495,-0.0239,0.0
61.0,-143.0,0.00292,-0.02027,0.0
61.25,-143.0,-0.00097,-0.01753,0.0
61.5,-143.0,-0.00794,-0.0154,0.0
61.75,-143.0,-0.00792,-0.01554,0.0
62.0,-143.0,-0.0099,-0.01505,0.0
62.25,-143.0,-0.01201,-0.01458,0.0
62.5,-143.0,-0.01397,-0.01417,0.0
62.75,-143.0,-0.01583,-0.01376,0.0
63.0,-143.0,-0.018,-0.0132,0.0
56.5,-142.75,0.03763,-0.02958,0.0
56.75,-142.75,0.03522,-0.02893,0.0
57.0,-142.75,0.03316,-0.02833,0.0
57.25,-142.75,0.0327,-0.02801,0.0
57.5,-142.75,0.03256,-0.02773,0.0
57.75,-142.75,0.03247,-0.02749,0.0
58.0,-142.75,0.03236,-0.02735,0.0
58.25,-142.75,0.03207,-0.02768,0.0
58.5,-142.75,0.03177,-0.02806,0.0
58.75,-142.75,0.03142,-0.02829,0.0
59.0,-142.75,0.03074,-0.02803,0.0
59.25,-142.75,0.02729,-0.02872,0.0
59.5,-142.75,0.02347,-0.02896,0.0
59.75,-142.75,0.0194,-0.02907,0.0
60.0,-142.75,0.01514,-0.02881,0.0
60.25,-142.75,0.01141,-0.0285,0.0
60.5,-142.75,0.00261,-0.02671,0.0
60.75,-142.75,0.00285,-0.02074,0.0
61.0,-142.75,0.00121,-0.0196,0.0
61.25,-142.75,-0.00212,-0.01738,0.0
61.5,-142.75,-0.00764,-0.01557,0.0
61.75,-142.75,-0.00785,-0.01558,0.0
62.0,-142.75,-0.00973,-0.01508,0.0
62.25,-142.75,-0.01184,-0.01453,0.0
62.5,-142.75,-0.01389,-0.01396,0.0
62.75,-142.75,-0.01596,-0.01327,0.0
63.0,-142.75,-0.01829,-0.01249,0.0
56.5,-142.5,0.0376,-0.02948,0.0
56.75,-142.5,0.03519,-0.02883,0.0
57.0,-142.5,0.03327,-0.02825,0.0
57.25,-142.5,0.03268,-0.0279,0.0
57.5,-142.5,0.03253,-0.02763,0.0
57.75,-142.5,0.03244,-0.0274,0.0
58.0,-142.5,0.03229,-0.02732,0.0
58.25,-142.5,0.032,-0.02773,0.0
58.5,-142.5,0.03165,-0.0283,0.0
58.75,-142.5,0.03118,-0.02885,0.0
59.0,-142.5,0.03008,-0.02927,0.0
59.25,-142.5,0.02721,-0.02938,0.0
59.5,-142.5,0.02361,-0.02939,0.0
59.75,-142.5,0.01942,-0.02944,0.0
60.0,-142.5,0.01431,-0.02914,0.0
60.25,-142.5,0.00969,-0.02844,0.0
60.5,-142.5,0.00076,-0.0235,0.0
60.75,-142.5,0.00189,-0.01931,0.0
61.0,-142.5,-0.00033,-0.01914,0.0
61.25,-142.5,-0.00219,-0.01737,0.0
61.5,-142.5,-0.00606,-0.01615,0.0
61.75,-142.5,-0.00757,-0.01569,0.0
62.0,-142.5,-0.00953,-0.01512,0.0
62.25,-142.5,-0.01167,-0.01449,0.0
62.5,-142.5,-0.01383,-0.01376,0.0
62.75,-142.5,-0.01608,-0.01278,0.0
63.0,-142.5,-0.01857,-0.01169,0.0
56.5,-142.25,0.03758,-0.02938,0.0
56.75,-142.25,0.03516,-0.02873,0.0
57.0,-142.25,0.03308,-0.0281,0.0
57.25,-142.25,0.03264,-0.0278,0.0
57.5,-142.25,0.0325,-0.02754,0.0
57.75,-142.25,0.03241,-0.0273,0.0
58.0,-142.25,0.03227,-0.02718,0.0
58.25,-142.25,0.03193,-0.02779,0.0
58.5,-142.25,0.03153,-0.02853,0.0
58.75,-142.25,0.03096,-0.02941,0.0
59.0,-142.25,0.02983,-0.03058,0.0
59.25,-142.25,0.02718,-0.03003,0.0
59.5,-142.25,0.0238,-0.02982,0.0
59.75,-142.25,0.01956,-0.02981,0.0
60.0,-142.25,0.01381,-0.03016,0.0
60.25,-142.25,0.00902,-0.02845,0.0
60.5,-142.25,0.00291,-0.02213,0.0
60.75,-142.25,0.00157,-0.01902,0.0
61.0,-142.25,-0.00102,-0.01888,0.0
61.25,-142.25,-0.00187,-0.01772,0.0
61.5,-142.25,-0.00503,-0.01656,0.0
61.75,-142.25,-0.00719,-0.01583,0.0
62.0,-142.25,-0.0093,-0.01518,0.0
62.25,-142.25,-0.0115,-0.01446,0.0
62.5,-142.25,-0.01375,-0.0136,0.0
62.75,-142.25,-0.01617,-0.01234,0.0
63.0,-142.25,-0.01889,-0.01066,0.0
56.5,-142.0,0.03756,-0.02929,0.0
56.75,-142.0,0.03512,-0.02863,0.0
57.0,-142.0,0.03233,-0.02784,0.0
57.25,-142.0,0.03261,-0.02771,0.0
57.5,-142.0,0.03248,-0.02745,0.0
57.75,-142.0,0.03238,-0.02722,0.0
58.0,-142.0,0.0323,-0.02675,0.0
58.25,-142.0,0.03187,-0.02784,0.0
58.5,-142.0,0.03142,-0.02875,0.0
58.75,-142.0,0.03078,-0.02987,0.0
59.0,-142.0,0.02997,-0.03283,0.0
59.25,-142.0,0.02722,-0.03058,0.0
59.5,-142.0,0.02408,-0.03021,0.0
59.75,-142.0,0.01991,-0.03014,0.0
60.0,-142.0,0.01353,-0.03072,0.0
60.25,-142.0,0.00949,-0.02897,0.0
60.5,-142.0,0.00395,-0.02292,0.0
60.75,-142.0,0.00153,-0.01935,0.0
61.0,-142.0,-0.00038,-0.01863,0.0
61.25,-142.0,-0.00103,-0.0182,0.0
61.5,-142.0,-0.0043,-0.01684,0.0
61.75,-142.0,-0.00679,-0.01598,0.0
62.0,-142.0,-0.00904,-0.01524,0.0
62.25,-142.0,-0.01132,-0.01446,0.0
62.5,-142.0,-0.01365,-0.0135,0.0
62.75,-142.0,-0.01619,-0.01204,0.0
63.0,-142.0,-0.01937,-0.00907,0.0
56.5,-141.75,0.03755,-0.02921,0.0
56.75,-141.75,0.03512,-0.02855,0.0
57.0,-141.75,0.03302,-0.02791,0.0
57.25,-141.75,0.0326,-0.02762,0.0
57.5,-141.75,0.03247,-0.02737,0.0
57.75,-141.75,0.03236,-0.02714,0.0
58.0,-141.75,0.03219,-0.02707,0.0
58.25,-141.75,0.03181,-0.02789,0.0
58.5,-141.75,0.03133,-0.02893,0.0
58.75,-141.75,0.03064,-0.03017,0.0
59.0,-141.75,0.02952,-0.03164,0.0
59.25,-141.75,0.02731,-0.03096,0.0
59.5,-141.75,0.02444,-0.03055,0.0
59.75,-141.75,0.02056,-0.03038,0.0
60.0,-141.75,0.01366,-0.03071,0.0
60.25,-141.75,0.00848,-0.02785,0.0
60.5,-141.75,0.00418,-0.02348,0.0
60.75,-141.75,0.00164,-0.01956,0.0
61.0,-141.75,0.00013,-0.01841,0.0
61.25,-141.75,-0.00033,-0.01847,0.0
61.5,-141.75,-0.0038,-0.01701,0.0
61.75,-141.75,-0.00642,-0.0161,0.0
62.0,-141.75,-0.00878,-0.01532,0.0
62.25,-141.75,-0.01112,-0.01449,0.0
62.5,-141.75,-0.01352,-0.01347,0.0
62.75,-141.75,-0.01611,-0.01198,0.0
63.0,-141.75,-0.01914,-0.00951,0.0
56.5,-141.5,0.03755,-0.02914,0.0
56.75,-141.5,0.03512,-0.02847,0.0
57.0,-141.5,0.03315,-0.02785,0.0
57.25,-141.5,0.0326,-0.02755,0.0
57.5,-141.5,0.03247,-0.02731,0.0
57.75,-141.5,0.03235,-0.02708,0.0
58.0,-141.5,0.03213,-0.02709,0.0
58.25,-141.5,0.03177,-0.02793,0.0
58.5,-141.5,0.03126,-0.02908,0.0
58.75,-141.5,0.03053,-0.03036,0.0
59.0,-141.5,0.02938,-0.03147,0.0
59.25,-141.5,0.02747,-0.03124,0.0
59.5,-141.5,0.0249,-0.03085,0.0
59.75,-141.5,0.02143,-0.03054,0.0
60.0,-141.5,0.01303,-0.03164,0.0
60.25,-141.5,0.00753,-0.02661,0.0
60.5,-141.5,0.00423,-0.02296,0.0
60.75,-141.5,0.00189,-0.01937,0.0
61.0,-141.5,0.00054,-0.01811,0.0
61.25,-141.5,-0.00079,-0.01799,0.0
61.5,-141.5,-0.00347,-0.01708,0.0
61.75,-141.5,-0.00609,-0.01621,0.0
62.0,-141.5,-0.00852,-0.0154,0.0
62.25,-141.5,-0.01092,-0.01454,0.0
62.5,-141.5,-0.01336,-0.01351,0.0
62.75,-141.5,-0.01594,-0.01215,0.0
63.0,-141.5,-0.01867,-0.01062,0.0
56.5,-141.25,0.03757,-0.02909,0.0
56.75,-141.25,0.03511,-0.0284,0.0
57.0,-141.25,0.03296,-0.02771,0.0
57.25,-141.25,0.03259,-0.02748,0.0
57.5,-141.25,0.03249,-0.02725,0.0
57.75,-141.25,0.03235,-0.02701,0.0
58.0,-141.25,0.03211,-0.02691,0.0
58.25,-141.25,0.03175,-0.02795,0.0
58.5,-141.25,0.03122,-0.02919,0.0
58.75,-141.25,0.03047,-0.0305,0.0
59.0,-141.25,0.02939,-0.03168,0.0
59.25,-141.25,0.0277,-0.03146,0.0
59.5,-141.25,0.02543,-0.03111,0.0
59.75,-141.25,0.02213,-0.0307,0.0
60.0,-141.25,0.01505,-0.03036,0.0
60.25,-141.25,0.00743,-0.02573,0.0
60.5,-141.25,0.00469,-0.02212,0.0
60.75,-141.25,0.00242,-0.01872,0.0
61.0,-141.25,0.00094,-0.01777,0.0
61.25,-141.25,-0.00078,-0.01779,0.0
61.5,-141.25,-0.00323,-0.01712,0.0
61.75,-141.25,-0.0058,-0.01632,0.0
62.0,-141.25,-0.00827,-0.0155,0.0
62.25,-141.25,-0.0107,-0.01462,0.0
62.5,-141.25,-0.01316,-0.01361,0.0
62.75,-141.25,-0.01572,-0.01239,0.0
63.0,-141.25,-0.01833,-0.01127,0.0
56.5,-141.0,0.03762,-0.02906,0.0
56.75,-141.0,0.03513,-0.02836,0.0
57.0,-141.0,0.03214,-0.02738,0.0
57.25,-141.0,0.03261,-0.02743,0.0
57.5,-141.0,0.03253,-0.02722,0.0
57.75,-141.0,0.03237,-0.02697,0.0
58.0,-141.0,0.03211,-0.02629,0.0
58.25,-141.0,0.03175,-0.02797,0.0
58.5,-141.0,0.03122,-0.02929,0.0
58.75,-141.0,0.03046,-0.03061,0.0
59.0,-141.0,0.02956,-0.03241,0.0
59.25,-141.0,0.02798,-0.03165,0.0
59.5,-141.0,0.02603,-0.03135,0.0
59.75,-141.0,0.02274,-0.03089,0.0
60.0,-141.0,0.01636,-0.02991,0.0
60.25,-141.0,0.00944,-0.02628,0.0
60.5,-141.0,0.00588,-0.02171,0.0
60.75,-141.0,0.00323,-0.01802,0.0
61.0,-141.0,0.00136,-0.01759,0.0
61.25,-141.0,-0.00062,-0.01771,0.0
61.5,-141.0,-0.003,-0.01716,0.0
61.75,-141.0,-0.00553,-0.01642,0.0
62.0,-141.0,-0.00801,-0.01561,0.0
62.25,-141.0,-0.01047,-0.01472,0.0
62.5,-141.0,-0.01295,-0.01374,0.0
62.75,-141.0,-0.01549,-0.01265,0.0
63.0,-141.0,-0.01804,-0.01171,0.0
56.5,-140.75,0.03769,-0.02906,0.0
56.75,-140.75,0.03519,-0.02834,0.0
57.0,-140.75,0.03299,-0.0276,0.0
57.25,-140.75,0.03267,-0.02742,0.0
57.5,-140.75,0.0326,-0.02722,0.0
57.75,-140.75,0.03242,-0.02696,0.0
58.0,-140.75,0.03213,-0.02684,0.0
58.25,-140.75,0.03178,-0.02802,0.0
58.5,-140.75,0.03126,-0.02937,0.0
58.75,-140.75,0.03047,-0.03069,0.0
59.0,-140.75,0.02949,-0.03184,0.0
59.25,-140.75,0.02829,-0.0318,0.0
59.5,-140.75,0.0267,-0.03159,0.0
59.75,-140.75,0.02365,-0.03113,0.0
60.0,-140.75,0.01765,-0.02989,0.0
60.25,-140.75,0.01142,-0.02682,0.0
60.5,-140.75,0.00707,-0.02241,0.0
60.75,-140.75,0.00402,-0.01878,0.0
61.0,-140.75,0.00177,-0.01783,0.0
61.25,-140.75,-0.0004,-0.01774,0.0
61.5,-140.75,-0.00277,-0.01723,0.0
61.75,-140.75,-0.00527,-0.01653,0.0
62.0,-140.75,-0.00776,-0.01573,0.0
62.25,-140.75,-0.01023,-0.01485,0.0
62.5,-140.75,-0.01272,-0.01389,0.0
62.75,-140.75,-0.01525,-0.01289,0.0
63.0,-140.75,-0.01777,-0.01204,0.0
56.5,-140.5,0.0378,-0.0291,0.0
56.75,-140.5,0.03528,-0.02836,0.0
57.0,-140.5,0.03319,-0.02762,0.0
57.25,-140.5,0.03276,-0.02743,0.0
57.5,-140.5,0.03271,-0.02726,0.0
57.75,-140.5,0.0325,-0.02698,0.0
58.0,-140.5,0.03215,-0.02694,0.0
58.25,-140.5,0.03186,-0.02807,0.0
58.5,-140.5,0.03135,-0.02947,0.0
58.75,-140.5,0.03053,-0.03076,0.0
59.0,-140.5,0.02951,-0.03173,0.0
59.25,-140.5,0.0286,-0.03194,0.0
59.5,-140.5,0.02742,-0.03184,0.0
59.75,-140.5,0.02503,-0.03147,0.0
60.0,-140.5,0.01888,-0.03014,0.0
60.25,-140.5,0.01299,-0.02756,0.0
60.5,-140.5,0.00808,-0.02305,0.0
60.75,-140.5,0.00468,-0.01962,0.0
61.0,-140.5,0.00215,-0.01824,0.0
61.25,-140.5,-0.00015,-0.01785,0.0
61.5,-140.5,-0.00254,-0.01733,0.0
61.75,-140.5,-0.00502,-0.01665,0.0
62.0,-140.5,-0.00751,-0.01586,0.0
62.25,-140.5,-0.00999,-0.01499,0.0
62.5,-140.5,-0.01248,-0.01406,0.0
62.75,-140.5,-0.015,-0.01311,0.0
63.0,-140.5,-0.01751,-0.01231,0.0
56.5,-140.25,0.03796,-0.02918,0.0
56.75,-140.25,0.03541,-0.02841,0.0
57.0,-140.25,0.03302,-0.02749,0.0
57.25,-140.25,0.03288,-0.02749,0.0
57.5,-140.25,0.03287,-0.02734,0.0
57.75,-140.25,0.03264,-0.02703,0.0
58.0,-140.25,0.03215,-0.02674,0.0
58.25,-140.25,0.03198,-0.02814,0.0
58.5,-140.25,0.0315,-0.02959,0.0
58.75,-140.25,0.03065,-0.03086,0.0
59.0,-140.25,0.02949,-0.03179,0.0
59.25,-140.25,0.02889,-0.03208,0.0
59.5,-140.25,0.0281,-0.03208,0.0
59.75,-140.25,0.02748,-0.03204,0.0
60.0,-140.25,0.01988,-0.03046,0.0
60.25,-140.25,0.01431,-0.02856,0.0
60.5,-140.25,0.00882,-0.02352,0.0
60.75,-140.25,0.00521,-0.02018,0.0
61.0,-140.25,0.0025,-0.0186,0.0
61.25,-140.25,0.00011,-0.018,0.0
61.5,-140.25,-0.00229,-0.01746,0.0
61.75,-140.25,-0.00476,-0.01679,0.0
62.0,-140.25,-0.00725,-0.01601,0.0
62.25,-140.25,-0.00974,-0.01515,0.0
62.5,-140.25,-0.01223,-0.01423,0.0
62.75,-140.25,-0.01474,-0.01332,0.0
63.0,-140.25,-0.01725,-0.01254,0.0
56.5,-140.0,0.03818,-0.02931,0.0
56.75,-140.0,0.0356,-0.02853,0.0
57.0,-140.0,0.03194,-0.02692,0.0
57.25,-140.0,0.03308,-0.0276,0.0
57.5,-140.0,0.03309,-0.02748,0.0
57.75,-140.0,0.03285,-0.02714,0.0
58.0,-140.0,0.03192,-0.02583,0.0
58.25,-140.0,0.03219,-0.02826,0.0
58.5,-140.0,0.03172,-0.02974,0.0
58.75,-140.0,0.03085,-0.03101,0.0
59.0,-140.0,0.02915,-0.03198,0.0
59.25,-140.0,0.02916,-0.03224,0.0
59.5,-140.0,0.02855,-0.03228,0.0
59.75,-140.0,0.02813,-0.03227,0.0
60.0,-140.0,0.02044,-0.0307,0.0
60.25,-140.0,0.01467,-0.02853,0.0
60.5,-140.0,0.00928,-0.02381,0.0
60.75,-140.0,0.00557,-0.02049,0.0
61.0,-140.0,0.0028,-0.01884,0.0
61.25,-140.0,0.00038,-0.01817,0.0
61.5,-140.0,-0.00203,-0.01762,0.0
61.75,-140.0,-0.0045,-0.01695,0.0
62.0,-140.0,-0.00699,-0.01618,0.0
62.25,-140.0,-0.00948,-0.01531,0.0
62.5,-140.0,-0.01197,-0.0144,0.0
62.75,-140.0,-0.01448,-0.0135,0.0
63.0,-140.0,-0.01698,-0.01273,0.0
