group,grid,ngridi,ngridj,type,extent_wkt,latitudeOffset-min,latitudeOffset-max,longitudeOffset-min,longitudeOffset-max,latitudeOffsetUncertainty-min,latitudeOffsetUncertainty-max,longitudeOffsetUncertainty-min,longitudeOffsetUncertainty-max
National Transformation v2_0,CAeast,529,241,float32,"POLYGON((-88.0 40.0,-88.0 60.0,-44.0 60.0,-44.0 40.0, -88.0 40.0))",-1.2413,2.7054,-6.5361,0.5286,0.0000,13.3550,0.0000,8.7160
National Transformation v2_0,NFstjohn,81,51,float32,"POLYGON((-53.0 47.416666666666664,-53.0 47.83333333333333,-52.333333333333336 47.83333333333333,-52.333333333333336 47.416666666666664, -53.0 47.416666666666664))",-0.2300,-0.1928,-3.5403,-3.4778,0.0010,0.2220,0.0010,0.1600
National Transformation v2_0,ONkinstn,321,321,float32,"POLYGON((-78.83333333333334 43.833333333333336,-78.83333333333334 46.5,-76.16666666666667 46.5,-76.16666666666667 43.833333333333336, -78.83333333333334 43.833333333333336))",0.1766,0.2312,-1.1669,-0.7103,0.0000,0.4020,0.0000,0.6880
National Transformation v2_0,ONottawa,221,201,float32,"POLYGON((-76.16666666666667 44.25,-76.16666666666667 45.916666666666664,-74.33333333333334 45.916666666666664,-74.33333333333334 44.25, -76.16666666666667 44.25))",0.1514,0.2104,-1.3913,-1.1062,0.0000,0.2000,0.0000,0.1110
National Transformation v2_0,ONsarnia,101,121,float32,"POLYGON((-82.58333333333334 42.416666666666664,-82.58333333333334 43.416666666666664,-81.75000000000001 43.416666666666664,-81.75000000000001 42.416666666666664, -82.58333333333334 42.416666666666664))",0.1327,0.1669,-0.4211,-0.2829,0.0000,0.0850,0.0010,0.1110
National Transformation v2_0,ONsault,351,71,float32,"POLYGON((-84.66666666666667 46.08333333333333,-84.66666666666667 46.666666666666664,-81.75 46.666666666666664,-81.75 46.08333333333333, -84.66666666666667 46.08333333333333))",0.0997,0.1567,-0.3805,-0.0285,0.0010,0.5700,0.0000,0.1870
National Transformation v2_0,ONtimins,101,41,float32,"POLYGON((-81.66666666666667 48.33333333333333,-81.66666666666667 48.666666666666664,-80.83333333333334 48.666666666666664,-80.83333333333334 48.33333333333333, -81.66666666666667 48.33333333333333))",0.2829,0.3134,-0.3989,-0.2615,0.0010,0.0630,0.0010,0.0600
National Transformation v2_0,ONtronto,351,511,float32,"POLYGON((-81.75 42.416666666666664,-81.75 46.666666666666664,-78.83333333333333 46.666666666666664,-78.83333333333333 42.416666666666664, -81.75 42.416666666666664))",0.1146,0.2321,-0.8160,-0.3526,0.0000,0.9030,0.0000,0.4330
National Transformation v2_0,ONwinsor,171,61,float32,"POLYGON((-83.16666666666667 41.916666666666664,-83.16666666666667 42.416666666666664,-81.75 42.416666666666664,-81.75 41.916666666666664, -83.16666666666667 41.916666666666664))",0.1454,0.1682,-0.4287,-0.2496,0.0010,0.1600,0.0000,0.2570
National Transformation v2_0,CAwest,649,157,float32,"POLYGON((-142.0 47.0,-142.0 60.0,-88.0 60.0,-88.0 47.0, -142.0 47.0))",-2.2938,1.8989,-0.5606,8.4332,0.0000,13.3600,0.0000,8.9690
National Transformation v2_0,ALbanff,11,21,float32,"POLYGON((-115.58333333333334 51.083333333333336,-115.58333333333334 51.25,-115.50000000000001 51.25,-115.50000000000001 51.083333333333336, -115.58333333333334 51.083333333333336))",0.0741,0.0879,3.7373,3.7737,0.0030,0.1300,0.0060,0.0580
National Transformation v2_0,ALbarhed,21,11,float32,"POLYGON((-114.5 54.08333333333333,-114.5 54.166666666666664,-114.33333333333333 54.166666666666664,-114.33333333333333 54.08333333333333, -114.5 54.08333333333333))",0.2634,0.2722,3.7892,3.8181,0.0010,0.0050,0.0000,0.0050
National Transformation v2_0,ALbonvil,31,21,float32,"POLYGON((-110.83333333333334 54.166666666666664,-110.83333333333334 54.33333333333333,-110.58333333333334 54.33333333333333,-110.58333333333334 54.166666666666664, -110.83333333333334 54.166666666666664))",0.2507,0.3321,3.1151,3.2152,0.0040,0.9000,0.0030,0.4190
National Transformation v2_0,ALbowisl,31,11,float32,"POLYGON((-111.5 49.83333333333333,-111.5 49.916666666666664,-111.25 49.916666666666664,-111.25 49.83333333333333, -111.5 49.83333333333333))",0.1043,0.1210,3.0935,3.1410,0.0010,0.0710,0.0020,0.1380
National Transformation v2_0,ALbrooks,31,21,float32,"POLYGON((-112.0 50.5,-112.0 50.666666666666664,-111.75 50.666666666666664,-111.75 50.5, -112.0 50.5))",0.1884,0.2043,3.1844,3.2419,0.0010,0.1880,0.0030,0.1580
National Transformation v2_0,ALcalgry,101,101,float32,"POLYGON((-114.58333333333334 50.49999999999999,-114.58333333333334 51.33333333333333,-113.75000000000001 51.33333333333333,-113.75000000000001 50.49999999999999, -114.58333333333334 50.49999999999999))",0.1495,0.2091,3.5278,3.6422,0.0000,0.9750,0.0000,1.0410
National Transformation v2_0,ALcamros,41,31,float32,"POLYGON((-113.0 52.83333333333333,-113.0 53.08333333333333,-112.66666666666667 53.08333333333333,-112.66666666666667 52.83333333333333, -113.0 52.83333333333333))",0.2354,0.2634,3.4704,3.5461,0.0020,0.0670,0.0010,0.1540
National Transformation v2_0,ALcanmor,31,21,float32,"POLYGON((-115.5 51.0,-115.5 51.166666666666664,-115.25 51.166666666666664,-115.25 51.0, -115.5 51.0))",0.0813,0.1022,3.6841,3.7468,0.0030,0.0880,0.0050,0.0590
National Transformation v2_0,ALcardst,31,11,float32,"POLYGON((-113.41666666666667 49.166666666666664,-113.41666666666667 49.25,-113.16666666666667 49.25,-113.16666666666667 49.166666666666664, -113.41666666666667 49.166666666666664))",-0.0841,-0.0382,3.3818,3.4472,0.0060,0.4440,0.0050,0.2520
National Transformation v2_0,ALcarsta,31,21,float32,"POLYGON((-114.25 51.5,-114.25 51.666666666666664,-114.0 51.666666666666664,-114.0 51.5, -114.25 51.5))",0.1869,0.2027,3.5719,3.6077,0.0010,0.0680,0.0010,0.1260
National Transformation v2_0,ALclarho,31,21,float32,"POLYGON((-113.66666666666667 49.916666666666664,-113.66666666666667 50.08333333333333,-113.41666666666667 50.08333333333333,-113.41666666666667 49.916666666666664, -113.66666666666667 49.916666666666664))",0.0212,0.0499,3.4460,3.5229,0.0170,0.1230,0.0180,0.1900
National Transformation v2_0,ALcoldlk,31,31,float32,"POLYGON((-110.33333333333334 54.33333333333333,-110.33333333333334 54.58333333333333,-110.08333333333334 54.58333333333333,-110.08333333333334 54.33333333333333, -110.33333333333334 54.33333333333333))",0.3020,0.3223,3.0292,3.1018,0.0010,0.1830,0.0020,0.0820
National Transformation v2_0,ALcrowps,71,31,float32,"POLYGON((-114.75 49.5,-114.75 49.75,-114.16666666666667 49.75,-114.16666666666667 49.5, -114.75 49.5))",-0.0015,0.0490,3.4989,3.6435,0.0000,0.5740,0.0000,0.7660
National Transformation v2_0,ALdraytn,31,31,float32,"POLYGON((-115.08333333333334 53.08333333333333,-115.08333333333334 53.33333333333333,-114.83333333333334 53.33333333333333,-114.83333333333334 53.08333333333333, -115.08333333333334 53.08333333333333))",0.2010,0.2251,3.7987,3.8671,0.0080,0.2310,0.0050,0.4050
National Transformation v2_0,ALdrumhl,61,41,float32,"POLYGON((-112.91666666666667 51.24999999999999,-112.91666666666667 51.58333333333333,-112.41666666666667 51.58333333333333,-112.41666666666667 51.24999999999999, -112.91666666666667 51.24999999999999))",0.2224,0.2322,3.3137,3.4003,0.0000,0.1070,0.0010,0.1650
National Transformation v2_0,ALedmntn,131,91,float32,"POLYGON((-114.16666666666667 53.166666666666664,-114.16666666666667 53.916666666666664,-113.08333333333334 53.916666666666664,-113.08333333333334 53.166666666666664, -114.16666666666667 53.166666666666664))",0.2167,0.2733,3.5638,3.7410,0.0000,0.1660,0.0000,0.2680
National Transformation v2_0,ALedson,41,21,float32,"POLYGON((-116.58333333333334 53.5,-116.58333333333334 53.666666666666664,-116.25000000000001 53.666666666666664,-116.25000000000001 53.5, -116.58333333333334 53.5))",0.2444,0.2674,4.0764,4.1510,0.0060,0.1530,0.0040,0.1900
National Transformation v2_0,ALfairvw,21,21,float32,"POLYGON((-118.5 56.0,-118.5 56.166666666666664,-118.33333333333333 56.166666666666664,-118.33333333333333 56.0, -118.5 56.0))",0.0811,0.1033,4.9560,4.9922,0.0020,0.4900,0.0050,0.0690
National Transformation v2_0,ALftmacl,31,21,float32,"POLYGON((-113.5 49.666666666666664,-113.5 49.83333333333333,-113.25 49.83333333333333,-113.25 49.666666666666664, -113.5 49.666666666666664))",-0.0113,0.0349,3.3561,3.4637,0.0120,0.3410,0.0120,0.3940
National Transformation v2_0,ALftmcmr,61,31,float32,"POLYGON((-111.58333333333334 56.58333333333333,-111.58333333333334 56.83333333333333,-111.08333333333334 56.83333333333333,-111.08333333333334 56.58333333333333, -111.58333333333334 56.58333333333333))",0.3539,0.3861,3.3080,3.4287,0.0010,0.3220,0.0010,0.2670
National Transformation v2_0,ALgrcach,31,21,float32,"POLYGON((-119.25 53.833333333333336,-119.25 54.0,-119.0 54.0,-119.0 53.833333333333336, -119.25 53.833333333333336))",0.0475,0.0952,4.5636,4.6830,0.0000,0.4690,0.0000,0.4570
National Transformation v2_0,ALgrimsh,21,21,float32,"POLYGON((-117.66666666666667 56.083333333333336,-117.66666666666667 56.25,-117.5 56.25,-117.5 56.083333333333336, -117.66666666666667 56.083333333333336))",0.1421,0.1640,4.8455,4.8847,0.0020,0.0370,0.0030,0.0640
National Transformation v2_0,ALgrprar,41,21,float32,"POLYGON((-118.91666666666667 55.083333333333336,-118.91666666666667 55.25,-118.58333333333334 55.25,-118.58333333333334 55.083333333333336, -118.91666666666667 55.083333333333336))",-0.0575,-0.0122,4.8380,4.8998,0.0020,0.1800,0.0010,0.0540
National Transformation v2_0,ALhanna,31,21,float32,"POLYGON((-112.08333333333334 51.583333333333336,-112.08333333333334 51.75,-111.83333333333334 51.75,-111.83333333333334 51.583333333333336, -112.08333333333334 51.583333333333336))",0.2318,0.2426,3.2392,3.2814,0.0010,0.0160,0.0010,0.0190
National Transformation v2_0,ALhilevl,31,21,float32,"POLYGON((-117.25 58.416666666666664,-117.25 58.58333333333333,-117.0 58.58333333333333,-117.0 58.416666666666664, -117.25 58.416666666666664))",0.3040,0.3357,4.9347,5.0287,0.0010,0.1490,0.0020,0.3590
National Transformation v2_0,ALhinton,31,21,float32,"POLYGON((-117.66666666666667 53.333333333333336,-117.66666666666667 53.5,-117.41666666666667 53.5,-117.41666666666667 53.333333333333336, -117.66666666666667 53.333333333333336))",0.1440,0.1735,4.2400,4.2971,0.0020,0.1530,0.0020,0.0970
National Transformation v2_0,ALhiprai,41,21,float32,"POLYGON((-116.66666666666667 55.333333333333336,-116.66666666666667 55.5,-116.33333333333334 55.5,-116.33333333333334 55.333333333333336, -116.66666666666667 55.333333333333336))",0.1465,0.1867,4.4638,4.5404,0.0050,0.2360,0.0070,0.1350
National Transformation v2_0,ALinnsfl,21,31,float32,"POLYGON((-114.0 51.916666666666664,-114.0 52.166666666666664,-113.83333333333333 52.166666666666664,-113.83333333333333 51.916666666666664, -114.0 51.916666666666664))",0.1981,0.2097,3.5644,3.6187,0.0020,0.1020,0.0010,0.1610
National Transformation v2_0,ALjasper,21,11,float32,"POLYGON((-118.16666666666667 52.83333333333333,-118.16666666666667 52.916666666666664,-118.0 52.916666666666664,-118.0 52.83333333333333, -118.16666666666667 52.83333333333333))",0.0081,0.0560,4.2370,4.2841,0.1550,0.6860,0.0780,0.2450
National Transformation v2_0,ALlacbic,31,21,float32,"POLYGON((-112.08333333333334 54.666666666666664,-112.08333333333334 54.83333333333333,-111.83333333333334 54.83333333333333,-111.83333333333334 54.666666666666664, -112.08333333333334 54.666666666666664))",0.3496,0.3619,3.4084,3.4519,0.0020,0.0210,0.0010,0.0270
National Transformation v2_0,ALlacomb,31,11,float32,"POLYGON((-113.83333333333334 52.49999999999999,-113.83333333333334 52.58333333333333,-113.58333333333334 52.58333333333333,-113.58333333333334 52.49999999999999, -113.83333333333334 52.49999999999999))",0.2042,0.2138,3.5857,3.6293,0.0020,0.0600,0.0010,0.0450
National Transformation v2_0,ALletbrg,61,41,float32,"POLYGON((-113.0 49.58333333333333,-113.0 49.916666666666664,-112.5 49.916666666666664,-112.5 49.58333333333333, -113.0 49.58333333333333))",-0.0255,0.0677,3.2787,3.3749,0.0010,0.6140,0.0010,0.3810
National Transformation v2_0,ALlkloui,21,21,float32,"POLYGON((-116.25 51.333333333333336,-116.25 51.5,-116.08333333333333 51.5,-116.08333333333333 51.333333333333336, -116.25 51.333333333333336))",-0.0284,-0.0062,3.8947,3.9557,0.1150,0.4900,0.1810,0.3770
National Transformation v2_0,ALlydmin,31,21,float32,"POLYGON((-110.16666666666667 53.166666666666664,-110.16666666666667 53.33333333333333,-109.91666666666667 53.33333333333333,-109.91666666666667 53.166666666666664, -110.16666666666667 53.166666666666664))",0.2614,0.2941,2.8091,2.8554,0.0010,0.6530,0.0000,0.0390
National Transformation v2_0,ALmedhat,41,31,float32,"POLYGON((-110.83333333333334 49.916666666666664,-110.83333333333334 50.166666666666664,-110.50000000000001 50.166666666666664,-110.50000000000001 49.916666666666664, -110.83333333333334 49.916666666666664))",0.1020,0.1597,2.9264,2.9912,0.0010,0.3110,0.0010,0.0600
National Transformation v2_0,ALolds,31,21,float32,"POLYGON((-114.25 51.75,-114.25 51.916666666666664,-114.0 51.916666666666664,-114.0 51.75, -114.25 51.75))",0.1901,0.2060,3.5706,3.6166,0.0030,0.0570,0.0030,0.0560
National Transformation v2_0,ALoyen,31,21,float32,"POLYGON((-110.58333333333334 51.25,-110.58333333333334 51.416666666666664,-110.33333333333334 51.416666666666664,-110.33333333333334 51.25, -110.58333333333334 51.25))",0.2046,0.2260,2.8989,2.9524,0.0010,0.1310,0.0000,0.2060
National Transformation v2_0,ALpeacer,31,31,float32,"POLYGON((-117.41666666666667 56.08333333333333,-117.41666666666667 56.33333333333333,-117.16666666666667 56.33333333333333,-117.16666666666667 56.08333333333333, -117.41666666666667 56.08333333333333))",0.1573,0.1857,4.7610,4.8627,0.0000,0.1230,0.0010,0.1510
National Transformation v2_0,ALpinchr,11,21,float32,"POLYGON((-114.0 49.416666666666664,-114.0 49.58333333333333,-113.91666666666667 49.58333333333333,-113.91666666666667 49.416666666666664, -114.0 49.416666666666664))",-0.0408,-0.0200,3.3810,3.5159,0.0100,0.2320,0.0080,1.2220
National Transformation v2_0,ALponoka,21,21,float32,"POLYGON((-113.66666666666667 52.583333333333336,-113.66666666666667 52.75,-113.5 52.75,-113.5 52.583333333333336, -113.66666666666667 52.583333333333336))",0.2061,0.2142,3.5753,3.6202,0.0010,0.0460,0.0010,0.1170
National Transformation v2_0,ALraymnd,51,21,float32,"POLYGON((-113.0 49.333333333333336,-113.0 49.5,-112.58333333333333 49.5,-112.58333333333333 49.333333333333336, -113.0 49.333333333333336))",-0.0424,-0.0209,3.3076,3.3760,0.0010,0.3580,0.0020,0.2400
National Transformation v2_0,ALredeer,41,31,float32,"POLYGON((-113.91666666666667 52.166666666666664,-113.91666666666667 52.416666666666664,-113.58333333333334 52.416666666666664,-113.58333333333334 52.166666666666664, -113.91666666666667 52.166666666666664))",0.2051,0.2165,3.5573,3.6308,0.0010,0.1150,0.0010,0.2750
National Transformation v2_0,ALrockmt,31,31,float32,"POLYGON((-115.0 52.25,-115.0 52.5,-114.75 52.5,-114.75 52.25, -115.0 52.25))",0.1962,0.2367,3.7033,3.7996,0.0030,0.3260,0.0130,0.3890
National Transformation v2_0,ALslavlk,31,21,float32,"POLYGON((-114.91666666666667 55.166666666666664,-114.91666666666667 55.33333333333333,-114.66666666666667 55.33333333333333,-114.66666666666667 55.166666666666664, -114.91666666666667 55.166666666666664))",0.2327,0.2549,4.0393,4.1061,0.0050,0.0690,0.0030,0.0720
National Transformation v2_0,ALstetlr,31,21,float32,"POLYGON((-112.83333333333334 52.25,-112.83333333333334 52.416666666666664,-112.58333333333334 52.416666666666664,-112.58333333333334 52.25, -112.83333333333334 52.25))",0.2232,0.2385,3.4106,3.4718,0.0030,0.0420,0.0030,0.1030
National Transformation v2_0,ALstpaul,31,21,float32,"POLYGON((-111.41666666666667 53.916666666666664,-111.41666666666667 54.08333333333333,-111.16666666666667 54.08333333333333,-111.16666666666667 53.916666666666664, -111.41666666666667 53.916666666666664))",0.2987,0.3178,3.1681,3.2365,0.0010,0.0590,0.0010,0.2120
National Transformation v2_0,ALstramr,31,21,float32,"POLYGON((-113.5 51.0,-113.5 51.166666666666664,-113.25 51.166666666666664,-113.25 51.0, -113.5 51.0))",0.2017,0.2190,3.4586,3.4987,0.0030,0.1800,0.0020,0.0910
National Transformation v2_0,ALswanhi,41,21,float32,"POLYGON((-115.58333333333334 54.666666666666664,-115.58333333333334 54.83333333333333,-115.25000000000001 54.83333333333333,-115.25000000000001 54.666666666666664, -115.58333333333334 54.666666666666664))",0.1913,0.2131,4.0366,4.0978,0.0000,0.0320,0.0000,0.1080
National Transformation v2_0,ALtaber,31,21,float32,"POLYGON((-112.25 49.75,-112.25 49.916666666666664,-112.0 49.916666666666664,-112.0 49.75, -112.25 49.75))",0.0377,0.1053,3.2094,3.2843,0.0020,0.2820,0.0120,0.2950
National Transformation v2_0,ALtrehil,21,21,float32,"POLYGON((-113.33333333333334 51.583333333333336,-113.33333333333334 51.75,-113.16666666666667 51.75,-113.16666666666667 51.583333333333336, -113.33333333333334 51.583333333333336))",0.2029,0.2139,3.4465,3.4736,0.0040,0.0680,0.0020,0.0360
National Transformation v2_0,ALvegvil,31,21,float32,"POLYGON((-112.16666666666667 53.416666666666664,-112.16666666666667 53.58333333333333,-111.91666666666667 53.58333333333333,-111.91666666666667 53.416666666666664, -112.16666666666667 53.416666666666664))",0.2598,0.2761,3.2474,3.2982,0.0010,0.1270,0.0010,0.1810
National Transformation v2_0,ALvermil,31,21,float32,"POLYGON((-111.0 53.25,-111.0 53.416666666666664,-110.75 53.416666666666664,-110.75 53.25, -111.0 53.25))",0.2677,0.2849,2.9593,3.0080,0.0010,0.0210,0.0010,0.0540
National Transformation v2_0,ALwanwgt,31,21,float32,"POLYGON((-111.0 52.75,-111.0 52.916666666666664,-110.75 52.916666666666664,-110.75 52.75, -111.0 52.75))",0.2460,0.2636,2.9241,2.9736,0.0010,0.0850,0.0010,0.0820
National Transformation v2_0,ALweslok,41,21,float32,"POLYGON((-114.0 54.083333333333336,-114.0 54.25,-113.66666666666667 54.25,-113.66666666666667 54.083333333333336, -114.0 54.083333333333336))",0.2691,0.2827,3.6835,3.7324,0.0010,0.1710,0.0010,0.2960
National Transformation v2_0,ALwetask,31,21,float32,"POLYGON((-113.5 52.833333333333336,-113.5 53.0,-113.25 53.0,-113.25 52.833333333333336, -113.5 52.833333333333336))",0.2187,0.2307,3.5674,3.6109,0.0000,0.0720,0.0000,0.0900
National Transformation v2_0,ALwhitec,41,11,float32,"POLYGON((-115.83333333333334 54.08333333333333,-115.83333333333334 54.166666666666664,-115.50000000000001 54.166666666666664,-115.50000000000001 54.08333333333333, -115.83333333333334 54.08333333333333))",0.2186,0.2685,3.9209,4.0281,0.0100,0.5740,0.0030,0.6610
National Transformation v2_0,BCcambel,21,21,float32,"POLYGON((-125.33333333333334 49.916666666666664,-125.33333333333334 50.08333333333333,-125.16666666666667 50.08333333333333,-125.16666666666667 49.916666666666664, -125.33333333333334 49.916666666666664))",-0.6540,-0.6412,5.0768,5.2188,0.0010,0.1850,0.0020,1.6070
National Transformation v2_0,BCcranbk,21,21,float32,"POLYGON((-115.83333333333334 49.416666666666664,-115.83333333333334 49.58333333333333,-115.66666666666667 49.58333333333333,-115.66666666666667 49.416666666666664, -115.83333333333334 49.416666666666664))",-0.1589,-0.1099,3.7344,3.7984,0.0010,0.4190,0.0010,0.2250
National Transformation v2_0,BCdawson,21,21,float32,"POLYGON((-120.33333333333334 55.666666666666664,-120.33333333333334 55.83333333333333,-120.16666666666667 55.83333333333333,-120.16666666666667 55.666666666666664, -120.33333333333334 55.666666666666664))",-0.1825,-0.1694,5.1290,5.1658,0.0030,0.0170,0.0030,0.0190
National Transformation v2_0,BCelkfrd,21,11,float32,"POLYGON((-115.0 49.99999999999999,-115.0 50.08333333333333,-114.83333333333333 50.08333333333333,-114.83333333333333 49.99999999999999, -115.0 49.99999999999999))",0.0566,0.1476,3.6695,3.7996,0.0020,2.0240,0.0020,0.8440
National Transformation v2_0,BCfield,21,11,float32,"POLYGON((-116.58333333333334 51.33333333333333,-116.58333333333334 51.416666666666664,-116.41666666666667 51.416666666666664,-116.41666666666667 51.33333333333333, -116.58333333333334 51.33333333333333))",-0.0719,-0.0461,3.9561,3.9898,0.0370,0.3780,0.0340,0.7350
National Transformation v2_0,BCgranil,11,11,float32,"POLYGON((-126.25 54.83333333333333,-126.25 54.916666666666664,-126.16666666666667 54.916666666666664,-126.16666666666667 54.83333333333333, -126.25 54.83333333333333))",-0.3594,-0.3505,6.1253,6.1499,0.0010,0.0220,0.0010,0.0260
National Transformation v2_0,BCkamlop,51,21,float32,"POLYGON((-120.5 50.583333333333336,-120.5 50.75,-120.08333333333333 50.75,-120.08333333333333 50.583333333333336, -120.5 50.583333333333336))",-0.4161,-0.3861,4.4599,4.5302,0.0000,0.0960,0.0000,0.0950
National Transformation v2_0,BCkelwna,31,31,float32,"POLYGON((-119.58333333333334 49.83333333333333,-119.58333333333334 50.08333333333333,-119.33333333333334 50.08333333333333,-119.33333333333334 49.83333333333333, -119.58333333333334 49.83333333333333))",-0.4108,-0.3929,4.2541,4.3398,0.0010,0.2350,0.0010,0.4380
National Transformation v2_0,BClogan,11,11,float32,"POLYGON((-120.83333333333334 50.416666666666664,-120.83333333333334 50.5,-120.75000000000001 50.5,-120.75000000000001 50.416666666666664, -120.83333333333334 50.416666666666664))",-0.4381,-0.4283,4.5276,4.5531,0.0180,0.3000,0.0540,0.2480
National Transformation v2_0,BCmacknz,21,21,float32,"POLYGON((-123.16666666666667 55.25,-123.16666666666667 55.416666666666664,-123.0 55.416666666666664,-123.0 55.25, -123.16666666666667 55.25))",-0.2704,-0.2499,5.5304,5.5973,0.0010,0.1940,0.0010,0.5320
National Transformation v2_0,BCnanimo,61,61,float32,"POLYGON((-124.08333333333334 48.75,-124.08333333333334 49.25,-123.58333333333334 49.25,-123.58333333333334 48.75, -124.08333333333334 48.75))",-0.7147,-0.6238,4.7646,4.9259,0.0000,0.9380,0.0010,1.2770
National Transformation v2_0,BCnelson,11,21,float32,"POLYGON((-117.33333333333334 49.416666666666664,-117.33333333333334 49.58333333333333,-117.25000000000001 49.58333333333333,-117.25000000000001 49.416666666666664, -117.33333333333334 49.416666666666664))",-0.2733,-0.2643,3.9901,4.0238,0.0020,0.0190,0.0020,0.0120
National Transformation v2_0,BCparkvl,21,11,float32,"POLYGON((-124.41666666666667 49.24999999999999,-124.41666666666667 49.33333333333333,-124.25 49.33333333333333,-124.25 49.24999999999999, -124.41666666666667 49.24999999999999))",-0.7828,-0.6525,4.9333,5.2069,0.0020,2.6850,0.0010,2.9120
National Transformation v2_0,BCpentic,21,21,float32,"POLYGON((-119.66666666666667 49.416666666666664,-119.66666666666667 49.58333333333333,-119.5 49.58333333333333,-119.5 49.416666666666664, -119.66666666666667 49.416666666666664))",-0.4602,-0.4122,4.2953,4.3617,0.0010,0.6510,0.0010,0.4800
National Transformation v2_0,BCportal,11,21,float32,"POLYGON((-124.83333333333334 49.166666666666664,-124.83333333333334 49.33333333333333,-124.75000000000001 49.33333333333333,-124.75000000000001 49.166666666666664, -124.83333333333334 49.166666666666664))",-0.6866,-0.6719,5.0184,5.0627,0.0010,0.4690,0.0010,0.4500
National Transformation v2_0,BCpowell,21,21,float32,"POLYGON((-124.58333333333334 49.75,-124.58333333333334 49.916666666666664,-124.41666666666667 49.916666666666664,-124.41666666666667 49.75, -124.58333333333334 49.75))",-0.6965,-0.5722,5.0463,5.0955,0.0020,1.2640,0.0010,0.2130
National Transformation v2_0,BCprigeo,41,41,float32,"POLYGON((-122.91666666666667 53.74999999999999,-122.91666666666667 54.08333333333333,-122.58333333333334 54.08333333333333,-122.58333333333334 53.74999999999999, -122.91666666666667 53.74999999999999))",-0.2044,-0.1524,5.2200,5.4721,0.0010,0.8170,0.0010,2.7480
National Transformation v2_0,BCroslnd,11,11,float32,"POLYGON((-117.83333333333334 48.99999999999999,-117.83333333333334 49.08333333333333,-117.75000000000001 49.08333333333333,-117.75000000000001 48.99999999999999, -117.83333333333334 48.99999999999999))",-0.3196,-0.3039,4.0114,4.0322,0.0040,0.3600,0.0020,0.1710
National Transformation v2_0,BCtrail,11,11,float32,"POLYGON((-117.75 49.08333333333333,-117.75 49.166666666666664,-117.66666666666667 49.166666666666664,-117.66666666666667 49.08333333333333, -117.75 49.08333333333333))",-0.3070,-0.2927,4.0021,4.0294,0.0110,0.1660,0.0080,0.0880
National Transformation v2_0,BCtumblr,21,11,float32,"POLYGON((-121.08333333333334 55.08333333333333,-121.08333333333334 55.166666666666664,-120.91666666666667 55.166666666666664,-120.91666666666667 55.08333333333333, -121.08333333333334 55.08333333333333))",-0.2368,-0.2255,5.1613,5.2049,0.0030,0.0530,0.0030,0.1400
National Transformation v2_0,BCvancvr,131,51,float32,"POLYGON((-123.25 49.0,-123.25 49.416666666666664,-122.16666666666667 49.416666666666664,-122.16666666666667 49.0, -123.25 49.0))",-0.6294,-0.5655,4.6076,4.7910,0.0010,0.4690,0.0000,0.5170
National Transformation v2_0,BCvernon,21,21,float32,"POLYGON((-119.33333333333334 50.166666666666664,-119.33333333333334 50.33333333333333,-119.16666666666667 50.33333333333333,-119.16666666666667 50.166666666666664, -119.33333333333334 50.166666666666664))",-0.3956,-0.3731,4.2218,4.2597,0.0010,0.4290,0.0010,0.2750
National Transformation v2_0,BCvictor,41,51,float32,"POLYGON((-123.58333333333334 48.333333333333336,-123.58333333333334 48.75,-123.25000000000001 48.75,-123.25000000000001 48.333333333333336, -123.58333333333334 48.333333333333336))",-0.6706,-0.6346,4.6513,4.7646,0.0000,0.1740,0.0000,0.2130
National Transformation v2_0,ONthundr,71,51,float32,"POLYGON((-89.58333333333334 48.166666666666664,-89.58333333333334 48.58333333333333,-89.00000000000001 48.58333333333333,-89.00000000000001 48.166666666666664, -89.58333333333334 48.166666666666664))",0.1670,0.1832,0.1760,0.2719,0.0000,0.0440,0.0010,0.0600
National Transformation v2_0,SAestvan,21,21,float32,"POLYGON((-103.08333333333334 49.083333333333336,-103.08333333333334 49.25,-102.91666666666667 49.25,-102.91666666666667 49.083333333333336, -103.08333333333334 49.083333333333336))",0.1111,0.1300,1.6388,1.6963,0.1020,0.2490,0.1070,0.3510
National Transformation v2_0,SAmelfrt,71,21,float32,"POLYGON((-104.66666666666667 52.75,-104.66666666666667 52.916666666666664,-104.08333333333334 52.916666666666664,-104.08333333333334 52.75, -104.66666666666667 52.75))",0.0182,0.0635,1.7092,1.7906,0.0290,0.4220,0.0500,0.3530
National Transformation v2_0,SAmelvil,21,21,float32,"POLYGON((-102.91666666666667 50.833333333333336,-102.91666666666667 51.0,-102.75 51.0,-102.75 50.833333333333336, -102.91666666666667 50.833333333333336))",0.0080,0.0280,1.7722,1.8008,0.1190,0.3250,0.0480,0.1470
National Transformation v2_0,SAmosjaw,41,21,float32,"POLYGON((-105.75 50.333333333333336,-105.75 50.5,-105.41666666666667 50.5,-105.41666666666667 50.333333333333336, -105.75 50.333333333333336))",0.0938,0.1001,2.0488,2.0951,0.0000,0.1250,0.0010,0.0530
National Transformation v2_0,SAnbatle,31,21,float32,"POLYGON((-108.41666666666667 52.666666666666664,-108.41666666666667 52.83333333333333,-108.16666666666667 52.83333333333333,-108.16666666666667 52.666666666666664, -108.41666666666667 52.666666666666664))",0.2308,0.2540,2.4042,2.4996,0.0050,0.2510,0.0010,0.9770
National Transformation v2_0,SApralbt,61,31,float32,"POLYGON((-106.0 53.08333333333333,-106.0 53.33333333333333,-105.5 53.33333333333333,-105.5 53.08333333333333, -106.0 53.08333333333333))",0.1236,0.1723,1.7881,1.9017,0.0000,0.3890,0.0000,0.2740
National Transformation v2_0,SAregina,31,31,float32,"POLYGON((-104.75 50.33333333333333,-104.75 50.58333333333333,-104.5 50.58333333333333,-104.5 50.33333333333333, -104.75 50.33333333333333))",0.1403,0.2052,1.9605,2.0468,0.0010,0.7740,0.0010,0.4290
National Transformation v2_0,SAsatoon,51,31,float32,"POLYGON((-106.83333333333334 52.0,-106.83333333333334 52.25,-106.41666666666667 52.25,-106.41666666666667 52.0, -106.83333333333334 52.0))",0.1390,0.1707,2.1593,2.2630,0.0020,0.1770,0.0020,0.4440
National Transformation v2_0,SAswiftc,31,31,float32,"POLYGON((-107.91666666666667 50.166666666666664,-107.91666666666667 50.416666666666664,-107.66666666666667 50.416666666666664,-107.66666666666667 50.166666666666664, -107.91666666666667 50.166666666666664))",0.1112,0.1274,2.3981,2.4513,0.0010,0.1030,0.0020,0.1540
National Transformation v2_0,SAweybrn,21,21,float32,"POLYGON((-103.91666666666667 49.583333333333336,-103.91666666666667 49.75,-103.75 49.75,-103.75 49.583333333333336, -103.91666666666667 49.583333333333336))",0.0866,0.0967,1.9288,1.9907,0.1210,0.2870,0.1020,0.3590
National Transformation v2_0,SAyorktn,31,21,float32,"POLYGON((-102.58333333333334 51.166666666666664,-102.58333333333334 51.33333333333333,-102.33333333333334 51.33333333333333,-102.33333333333334 51.166666666666664, -102.58333333333334 51.166666666666664))",-0.0017,0.0108,1.7028,1.7383,0.0020,0.1130,0.0050,0.0640
National Transformation v2_0,CAnorth,589,181,float32,"POLYGON((-142.0 60.0,-142.0 75.0,-44.0 75.0,-44.0 60.0, -142.0 60.0))",-1.3747,2.9552,-13.4633,18.2206,0.0010,17.1190,0.0020,10.2440
National Transformation v2_0,NWclyder,31,31,float32,"POLYGON((-68.83333333333333 70.33333333333334,-68.83333333333333 70.58333333333334,-68.33333333333333 70.58333333333334,-68.33333333333333 70.33333333333334, -68.83333333333333 70.33333333333334))",1.9066,1.9421,-5.3794,-5.1382,0.1830,2.7570,0.4550,1.3430
National Transformation v2_0,NWftgood,21,21,float32,"POLYGON((-128.83333333333334 66.16666666666667,-128.83333333333334 66.33333333333334,-128.5 66.33333333333334,-128.5 66.16666666666667, -128.83333333333334 66.16666666666667))",0.1285,0.1722,7.3096,7.4260,0.6440,1.0210,0.2200,0.3390
National Transformation v2_0,NWhayriv,61,61,float32,"POLYGON((-116.5 60.5,-116.5 61.0,-115.5 61.0,-115.5 60.5, -116.5 60.5))",0.4074,0.4773,4.7967,5.0386,0.0020,0.2180,0.0000,0.1530
National Transformation v2_0,NWinuvik,31,41,float32,"POLYGON((-133.83333333333334 68.16666666666667,-133.83333333333334 68.5,-133.33333333333334 68.5,-133.33333333333334 68.16666666666667, -133.83333333333334 68.16666666666667))",-0.2786,-0.1723,8.9970,9.3348,0.3360,0.8820,0.1720,0.6010
National Transformation v2_0,NWiqulit,61,61,float32,"POLYGON((-69.0 63.49999999999999,-69.0 63.99999999999999,-68.0 63.99999999999999,-68.0 63.49999999999999, -69.0 63.49999999999999))",1.0036,1.1128,-4.1174,-3.8507,0.0030,1.1940,0.0020,0.2970
National Transformation v2_0,NWpondin,41,21,float32,"POLYGON((-78.16666666666666 72.58333333333333,-78.16666666666666 72.75,-77.49999999999999 72.75,-77.49999999999999 72.58333333333333, -78.16666666666666 72.58333333333333))",2.4373,2.4735,-3.3236,-3.0930,0.0650,0.1250,0.0860,0.1670
National Transformation v2_0,NWrankin,11,21,float32,"POLYGON((-92.16666666666666 62.75,-92.16666666666666 62.916666666666664,-91.99999999999999 62.916666666666664,-91.99999999999999 62.75, -92.16666666666666 62.75))",1.1102,1.1276,-0.1235,-0.0883,0.0030,0.0920,0.0180,0.1030
National Transformation v2_0,NWyellow,11,11,float32,"POLYGON((-114.5 62.416666666666664,-114.5 62.5,-114.33333333333333 62.5,-114.33333333333333 62.416666666666664, -114.5 62.416666666666664))",0.7049,0.7161,4.5772,4.6228,0.0030,0.2070,0.0020,0.2640
National Transformation v2_0,YUdawson,11,21,float32,"POLYGON((-139.5 64.0,-139.5 64.16666666666667,-139.33333333333334 64.16666666666667,-139.33333333333334 64.0, -139.5 64.0))",-0.9961,-0.9441,8.0050,8.0693,0.1940,0.5260,0.0700,0.2950
National Transformation v2_0,YUrossri,11,21,float32,"POLYGON((-132.58333333333334 61.916666666666664,-132.58333333333334 62.08333333333333,-132.41666666666669 62.08333333333333,-132.41666666666669 61.916666666666664, -132.58333333333334 61.916666666666664))",-0.7595,-0.7362,6.8711,6.9251,0.1210,0.2120,0.0600,0.1730
National Transformation v2_0,YUwhiteh,6,11,float32,"POLYGON((-135.08333333333334 60.666666666666664,-135.08333333333334 60.75,-135.0 60.75,-135.0 60.666666666666664, -135.08333333333334 60.666666666666664))",-1.0582,-1.0485,6.7265,6.7570,0.0020,0.0250,0.0010,0.0230
National Transformation v2_0,CAarctic,295,109,float32,"POLYGON((-142.0 75.0,-142.0 84.0,-44.0 84.0,-44.0 75.0, -142.0 75.0))",0.7969,4.8127,-38.4454,39.3323,0.0240,10.1620,0.0070,10.6070
